name	pattern	type
Amazon AWS	amazon	hosting
Amazon EC2	ec2	hosting
Amazon Web Services	aws	hosting
Amazon Lightsail	lightsail	hosting
Microsoft Azure	microsoft azure	hosting
Microsoft Corporation	microsoft corporation	hosting
Google Cloud	google cloud	hosting
Google LLC	google llc	hosting
Google Compute	compute.googleapis	hosting
DigitalOcean	digitalocean	hosting
Linode	linode	hosting
Akamai Connected	akamai connected	hosting
Akamai Technologies	akamai technologies	hosting
Vultr Holdings	vultr	hosting
OVH SAS	ovh sas	hosting
OVHcloud	ovhcloud	hosting
Hetzner Online	hetzner	hosting
Oracle Cloud	oracle cloud	hosting
Oracle Corporation	oracle corporation	hosting
IBM Cloud	ibm cloud	hosting
Alibaba Cloud	alibaba cloud	hosting
Alibaba US	alibaba us	hosting
Tencent Cloud	tencent cloud	hosting
Cloudflare Inc	cloudflare	hosting
Fastly Inc	fastly	hosting
StackPath LLC	stackpath	hosting
Lumen Technologies	lumen	hosting
CenturyLink	centurylink	hosting
Contabo GmbH	contabo	hosting
IONOS SE	ionos	hosting
1und1	1und1	hosting
Strato AG	strato	hosting
Host Europe GmbH	host europe	hosting
Leaseweb	leaseweb	hosting
Servers.com	servers.com	hosting
WorldStream BV	worldstream	hosting
NFOrce Entertainment	nforce	hosting
i3D.net	i3d.net	hosting
Tilaa BV	tilaa	hosting
TransIP BV	transip	hosting
Aruba SpA	aruba	hosting
Register.it	register.it	hosting
Seflow SRL	seflow	hosting
ServerPlan	serverplan	hosting
Keliweb SRL	keliweb	hosting
Netsons SRL	netsons	hosting
SiteGround	siteground	hosting
Infomaniak	infomaniak	hosting
Hostpoint AG	hostpoint	hosting
Cyon GmbH	cyon	hosting
Metanet AG	metanet	hosting
GoDaddy LLC	godaddy	hosting
HostGator	hostgator	hosting
Bluehost Inc	bluehost	hosting
DreamHost LLC	dreamhost	hosting
InMotion Hosting	inmotion	hosting
A2 Hosting	a2 hosting	hosting
A2Hosting	a2hosting	hosting
HostPapa Inc	hostpapa	hosting
iPage	ipage	hosting
Hostwinds LLC	hostwinds	hosting
InterServer Inc	interserver	hosting
Liquid Web	liquid web	hosting
LiquidWeb	liquidweb	hosting
Nexcess	nexcess	hosting
WP Engine	wp engine	hosting
WPEngine	wpengine	hosting
Kinsta Inc	kinsta	hosting
Flywheel	flywheel	hosting
Pantheon Systems	pantheon	hosting
Platform.sh	platform.sh	hosting
Render Services	render	hosting
Railway Corp	railway	hosting
Heroku Inc	heroku	hosting
Vercel Inc	vercel	hosting
Netlify Inc	netlify	hosting
Surge.sh	surge.sh	hosting
Alibaba China	alibaba china	hosting
Tencent Holdings	tencent	hosting
Huawei Cloud	huawei cloud	hosting
Huawei Technologies	huawei technologies	hosting
Baidu Cloud	baidu cloud	hosting
Baidu Inc	baidu inc	hosting
JD Cloud	jd cloud	hosting
UCloud Technology	ucloud	hosting
QingCloud	qingcloud	hosting
Kingsoft Cloud	kingsoft cloud	hosting
NAVER Cloud	naver cloud	hosting
NHN Corp	nhn	hosting
KINX Inc	kinx	hosting
IDC Frontier	idc frontier	hosting
SAKURA Internet	sakura	hosting
GMO Internet	gmo	hosting
KAGOYA Japan	kagoya	hosting
ConoHa by GMO	conoha	hosting
Nitrado GmbH	nitrado	hosting
GTXGaming	gtxgaming	hosting
Host Havoc	host havoc	hosting
HostHavoc	hosthavoc	hosting
Shockbyte	shockbyte	hosting
Apex Hosting	apex hosting	hosting
ApexHosting	apexhosting	hosting
BisectHosting	bisecthosting	hosting
Bisect Hosting	bisect hosting	hosting
MCProHosting	mcprohosting	hosting
PebbleHost	pebblehost	hosting
Sparked Host	sparked	hosting
SparkedHost	sparkedhost	hosting
Meloncube	meloncube	hosting
Aternos GmbH	aternos	hosting
Server.pro	server.pro	hosting
NodeCraft	nodecraft	hosting
CubedHost	cubedhost	hosting
GGServers	ggservers	hosting
Fluctis Hosting	fluctis	hosting
Clovux	clovux	hosting
Akliz	akliz	hosting
GameServers.com	gameservers.com	hosting
Multiplay	multiplay	hosting
Fragnet Networks	fragnet	hosting
4Netplayers	4netplayers	hosting
Dathost	dathost	hosting
NFOservers	nfoservers	hosting
Pingperfect	pingperfect	hosting
ServerBlend	serverblend	hosting
Skynode	skynode	hosting
WitherHosting	witherhosting	hosting
ExtraVM	extravm	hosting
Bloom.host	bloom.host	hosting
BloomHost	bloomhost	hosting
Revivenode	revivenode	hosting
DedicatedMC	dedicatedmc	hosting
EnviroMC	enviromc	hosting
PloxHost	ploxhost	hosting
Srkhost	srkhost	hosting
WinterNode	winternode	hosting
Cogent Communications	cogent	hosting
Level 3 Communications	level 3	hosting
Level3 Parent	level3	hosting
NTT Communications	ntt communications	hosting
NTT America	ntt america	hosting
Zayo Group	zayo	hosting
GTT Communications	gtt communications	hosting
GTT Americas	gtt americas	hosting
Telia Carrier	telia carrier	hosting
Telia Company	telia company	hosting
Hurricane Electric	hurricane electric	hosting
PCCW Global	pccw global	hosting
Telstra Global	telstra global	hosting
Namecheap Inc	namecheap	hosting
NameSilo LLC	namesilo	hosting
Dynadot Inc	dynadot	hosting
Porkbun LLC	porkbun	hosting
Hover	hover	hosting
Name.com	name.com	hosting
Domain.com	domain.com	hosting
Enom Inc	enom	hosting
Tucows Inc	tucows	hosting
ResellerClub	resellerclub	hosting
LogicBoxes	logicboxes	hosting
Selectel Ltd	selectel	hosting
Reg.ru	reg.ru	hosting
Beget LLC	beget	hosting
TimeWeb Ltd	timeweb	hosting
FirstVDS	firstvds	hosting
RUVDS	ruvds	hosting
VDSina	vdsina	hosting
Fornex Hosting	fornex	hosting
Masterhost	masterhost	hosting
RU-CENTER	ru-center	hosting
Yandex Cloud	yandex cloud	hosting
Yandex LLC	yandex llc	hosting
Mail.ru Cloud	mail.ru cloud	hosting
SberCloud	sbercloud	hosting
Rackspace Technology	rackspace	hosting
SoftLayer Technologies	softlayer	hosting
IBM SoftLayer	ibm softlayer	hosting
CyrusOne Inc	cyrusone	hosting
Equinix Inc	equinix	hosting
Digital Realty	digital realty	hosting
CoreSite Realty	coresite	hosting
QTS Realty	qts realty	hosting
QTS Data	qts data	hosting
Vantage Data	vantage data	hosting
Switch Ltd	switch ltd	hosting
Cyxtera Technologies	cyxtera	hosting
phoenixNAP	phoenixnap	hosting
Packet Host	packet host	hosting
Equinix Metal	equinix metal	hosting
BunnyCDN	bunnycdn	hosting
Bunny.net	bunny.net	hosting
KeyCDN	keycdn	hosting
StackPath CDN	stackpath cdn	hosting
Imperva Inc	imperva	hosting
Incapsula	incapsula	hosting
Sucuri Inc	sucuri	hosting
ArvanCloud	arvancloud	hosting
CDNetworks	cdnetworks	hosting
Limelight Networks	limelight	hosting
EdgeCast Networks	edgecast	hosting
Verizon Digital	verizon digital	hosting
Section.io	section.io	hosting
Rackspace Managed	rackspace managed	hosting
SingleHop LLC	singlehop	hosting
INAP	internap	hosting
Peer1 Hosting	peer1	hosting
ServerCentral	servercentral	hosting
Aptum Technologies	aptum	hosting
NaviSite	navisite	hosting
Peak 10 Inc	peak 10	hosting
ViaWest	viawest	hosting
365 Data Centers	365 data	hosting
DataBank Ltd	databank	hosting
TierPoint LLC	tierpoint	hosting
Flexential	flexential	hosting
GreenGeeks LLC	greengeeks	hosting
Kualo Limited	kualo	hosting
FastComet	fastcomet	hosting
ChemiCloud	chemicloud	hosting
Cloudways Ltd	cloudways	hosting
RunCloud	runcloud	hosting
GridPane	gridpane	hosting
SpinupWP	spinupwp	hosting
ServerPilot	serverpilot	hosting
Laravel Forge	laravel forge	hosting
Ploi.io	ploi	hosting
Locaweb	locaweb	hosting
UOL Host	uol host	hosting
UOL Diveo	uol diveo	hosting
KingHost	kinghost	hosting
HostGator Brasil	hostgator brasil	hosting
HostMidia	hostmidia	hosting
DialHost	dialhost	hosting
ValueHost Brasil	valuehost	hosting
RedeHost	redehost	hosting
HostNet	hostnet	hosting
HostGator India	hostgator india	hosting
BigRock	bigrock	hosting
MilesWeb	milesweb	hosting
HostingRaja	hostingraja	hosting
ZNetLive	znetlive	hosting
Starter.pk	starter.pk	hosting
ACC Technologies	acc technologies	hosting
Go4Hosting	go4hosting	hosting
Starter India	starter india	hosting
Aussie Web Host	aussie web	hosting
VentraIP	ventraip	hosting
Crucial.com.au	crucial.com.au	hosting
Digital Pacific	digitalpacific	hosting
Panthur	panthur	hosting
Zuver	zuver	hosting
Web24	web24	hosting
Servers Australia	servers australia	hosting
Synergy Wholesale	synergy wholesale	hosting
WHC.ca	whc.ca	hosting
PlanetHoster	planethoster	hosting
Web Hosting Canada	web hosting canada	hosting
Canadian Web Hosting	canadian web hosting	hosting
4GoodHosting	4goodhosting	hosting
HostPapa Canada	hostpapa canada	hosting
Cirrus Tech	cirrus tech	hosting
Neubox	neubox	hosting
Hospedando	hospedando	hosting
HostDime Mexico	hostdime mexico	hosting
Alojate	alojate	hosting
Akky	akky	hosting
Webempresa	webempresa	hosting
Raiola Networks	raiola	hosting
Loading.es	loading.es	hosting
Acens Technologies	acens	hosting
Arsys Internet	arsys	hosting
Dinahosting	dinahosting	hosting
CDmon	cdmon	hosting
SiteGround Spain	siteground spain	hosting
Don Dominio	dondominio	hosting
Profesional Hosting	profesionalhosting	hosting
Axarnet	axarnet	hosting
Mittwald CM	mittwald	hosting
All-Inkl.com	all-inkl	hosting
WebGo GmbH	webgo	hosting
Netcup GmbH	netcup	hosting
DomainFactory	domainfactory	hosting
Host1Plus	host1plus	hosting
Checkdomain GmbH	checkdomain	hosting
Manitu GmbH	manitu	hosting
JPBerlin	jpberlin	hosting
Alfahosting GmbH	alfahosting	hosting
HostEurope Deutschland	hosteurope.de	hosting
Myloc Managed IT	myloc	hosting
Gandi SAS	gandi	hosting
Online SAS	online.net	hosting
Scaleway SAS	scaleway	hosting
Ikoula SAS	ikoula	hosting
LWS France	lws.fr	hosting
o2switch	o2switch	hosting
Amen France	amen.fr	hosting
PlanetHoster France	planethoster.fr	hosting
OVH France	ovh.fr	hosting
123-reg	123-reg	hosting
Heart Internet	heart internet	hosting
Fasthosts	fasthosts	hosting
TSO Host	tsohost	hosting
Vidahost	vidahost	hosting
Krystal Hosting	krystal.uk	hosting
Kualo UK	kualo.co.uk	hosting
20i Limited	20i.com	hosting
20i Hosting	20i	hosting
Nimbus Hosting	nimbus hosting	hosting
UKFast	ukfast	hosting
Bytemark	bytemark	hosting
Memset	memset	hosting
Mythic Beasts	mythic beasts	hosting
Byte BV	byte.nl	hosting
Antagonist BV	antagonist	hosting
Greenhost	greenhost	hosting
Vimexx	vimexx	hosting
mijnHostingPartner	mijnhostingpartner	hosting
Strato NL	strato.nl	hosting
Yourhosting	yourhosting	hosting
Versio	versio	hosting
BIT BV	bit.nl	hosting
nazwa.pl	nazwa.pl	hosting
home.pl	home.pl	hosting
OVH Poland	ovh.pl	hosting
Kylos	kylos	hosting
H88 SA	h88	hosting
Zenbox	zenbox	hosting
Aftermarket	aftermarket.pl	hosting
Dhosting	dhosting.pl	hosting
BuyVM	buyvm	hosting
RamNode	ramnode	hosting
HostUS	hostus	hosting
VirMach	virmach	hosting
AlphaRacks	alpharacks	hosting
ChicagoVPS	chicagovps	hosting
Crowncloud	crowncloud	hosting
DediPath	dedipath	hosting
HostSailor	hostsailor	hosting
Letbox	letbox	hosting
LowEndBox	lowend	hosting
Racknerd	racknerd	hosting
ServerAstra	serverastra	hosting
SkySilk	skysilk	hosting
SpeedyKVM	speedykvm	hosting
Time4VPS	time4vps	hosting
UltraVPS EU	ultravps	hosting
VPSCheap	vpscheap	hosting
WeLoveServers	weloveservers	hosting
Wishosting	wishosting	hosting
YourLastHost	yourlasthost	hosting
1blu GmbH	1blu	hosting
100TB	100tb	hosting
1984 Hosting	1984 hosting	hosting
2sync	2sync	hosting
34SP.com	34sp	hosting
365 Main	365 main	hosting
3CX	3cx	hosting
3NT Solutions	3nt	hosting
4D Hosting	4d hosting	hosting
5centsCDN	5centscdn	hosting
6Sync	6sync	hosting
AccuWeb Hosting	accuweb	hosting
AltusHost	altushost	hosting
Atlantic.Net	atlantic.net	hosting
Atomia AB	atomia	hosting
AxcelX Technologies	axcelx	hosting
B2 Net Solutions	b2 net	hosting
Bahnhof AB	bahnhof	hosting
Binary Lane	binary lane	hosting
BitLaunch	bitlaunch	hosting
BoltFlare	boltflare	hosting
Burst.net	burst.net	hosting
CacheFly	cachefly	hosting
CariNet Inc	carinet	hosting
Catalyst2 Services	catalyst2	hosting
CeraNetworks	ceranetworks	hosting
Cherry Servers	cherry servers	hosting
Choopa LLC	choopa	hosting
CircuitHosting	circuit hosting	hosting
ColoAmerica	coloamerica	hosting
ColoCrossing	colocrossing	hosting
Combell NV	combell	hosting
Crystone AB	crystone	hosting
Dacentec	dacentec	hosting
DataCamp Limited	datacamp limited	hosting
DataPipe Inc	datapipe	hosting
DataRealm	datarealm	hosting
DataWagon LLC	datawagon	hosting
Dedibox SAS	dedibox	hosting
DedicatedNow	dedicatednow	hosting
Delimiter LLC	delimiter	hosting
DigitalOne AG	digitalone	hosting
DirectSpace Networks	directspace	hosting
DreamCompute	dreamcompute	hosting
Dreamscape Networks	dreamscape	hosting
DuraServer Technologies	duraserver	hosting
EarthLink Inc	earthlink	hosting
EdgeUno Inc	edgeuno	hosting
ElasticHosts	elastichosts	hosting
EnviroNOC	environoc	hosting
Exabytes Network	exabytes	hosting
FASTVPS	fastvps	hosting
FatCow	fatcow	hosting
FirstColo GmbH	firstcolo	hosting
FlipperHost	flipperhost	hosting
FranTech Solutions	frantech	hosting
Future Hosting Inc	futurehosting	hosting
GalaxyGate	galaxygate	hosting
GearHost Inc	gearhost	hosting
Genesis Hosting	genesis hosting	hosting
GigaTux	gigatux	hosting
GlobalSign	globalsign	hosting
GlowHost	glowhost	hosting
GreenCloudVPS	greencloudvps	hosting
GTHost	gthost	hosting
HawkHost	hawkhost	hosting
HostArmada	hostarmada	hosting
HostColor	hostcolor	hosting
HostDime	hostdime	hosting
HostedPlex	hostedplex	hosting
HostForWeb	hostforweb	hosting
HostHatch	hosthatch	hosting
HostiServer	hostiserver	hosting
HostKey BV	hostkey	hosting
HostLife Ltd	hostlife	hosting
HostMantis	hostmantis	hosting
HostMonster	hostmonster	hosting
HostMyBytes	hostmybytes	hosting
HostNoc	hostnoc	hosting
HostPresto	hostpresto	hosting
HostRound	hostround	hosting
HostSlayer	hostslayer	hosting
HostSolutions	hostsolutions	hosting
HostVerse	hostverse	hosting
HostZealot	hostzealot	hosting
HyperFilter	hyperfilter	hosting
IceWarp	icewarp	hosting
IDCloudHost	idcloudhost	hosting
Incero LLC	incero	hosting
InfinityBox	infinitybox	hosting
InstantDedicated	instantdedicated	hosting
Interxion	interxion	hosting
IPServerOne	ipserverone	hosting
IPXcore	ipxcore	hosting
iWeb Technologies	iweb	hosting
JaguarPC	jaguarpc	hosting
JavaPipe Inc	javapipe	hosting
JustHost	justhost	hosting
Kamatera Inc	kamatera	hosting
Keyweb AG	keyweb	hosting
Kimsufi	kimsufi	hosting
KnownHost LLC	knownhost	hosting
Kuroit Limited	kuroit	hosting
LaunchVPS	launchvps	hosting
LayerStack	layerstack	hosting
LeasePacket	leasepacket	hosting
LightEdge Solutions	lightedge	hosting
LightNode	lightnode	hosting
Limestone Networks	limestone	hosting
Liteserver BV	liteserver	hosting
LogicLayer	logiclayer	hosting
LunarVPS	lunarvps	hosting
MacStadium	macstadium	hosting
MangoHost	mangohost	hosting
MaxiHoster	maxihoster	hosting
MelbiCom	melbicom	hosting
MidPhase	midphase	hosting
MotherHost	motherhost	hosting
NameHero	namehero	hosting
Navicosoft	navicosoft	hosting
NephoScale	nephoscale	hosting
NetActuate	netactuate	hosting
NexeonTech	nexeontech	hosting
NimbusHosting	nimbushosting	hosting
NixiHost	nixihost	hosting
Node4 Limited	node4	hosting
NodeDeploy	nodedeploy	hosting
NovoServe BV	novoserve	hosting
NuCDN	nucdn	hosting
Packetexchange	packetexchange	hosting
Pagely Inc	pagely	hosting
Pair Networks	pair networks	hosting
PeakVPS	peakvps	hosting
Peerspot	peerspot	hosting
PickaWeb	pickaweb	hosting
PiVPS	pivps	hosting
PoundHost	poundhost	hosting
ProtectServers	protectservers	hosting
ProXad	proxad	hosting
QuickServers	quickservers	hosting
RadiantServers	radiantservers	hosting
RapidSwitch	rapidswitch	hosting
ReadySpace	readyspace	hosting
Redstation Limited	redstation	hosting
Reliablesite	reliablesite	hosting
RingHosting	ringhosting	hosting
RockHost	rockhost	hosting
RootNerds	rootnerds	hosting
RoseHosting	rosehosting	hosting
RoyalVPS	royalvps	hosting
ScalaHosting	scalahosting	hosting
SecuredServers	securedservers	hosting
Seedbox.io	seedbox	hosting
SeedHost.eu	seedhost	hosting
ServaRICA	servarica	hosting
ServerAxis	serveraxis	hosting
ServerBasket	serverbasket	hosting
ServerCentric	servercentric	hosting
ServerChoice	serverchoice	hosting
ServerClub	serverclub	hosting
ServerFarm	serverfarm	hosting
ServerFlow	serverflow	hosting
ServerGrove	servergrove	hosting
ServerHub	serverhub	hosting
ServerMania	servermania	hosting
ServerPoint	serverpoint	hosting
ServerPronto	serverpronto	hosting
ServerSpace	serverspace	hosting
ServInt	servint	hosting
Simplecloud	simplecloud	hosting
SiteLock	sitelock	hosting
SolaDrive	soladrive	hosting
SoYouStart	soyoustart	hosting
SpectraIP	spectraip	hosting
SpinServers	spinservers	hosting
StackHost	stackhost	hosting
StackScale	stackscale	hosting
StormWall	stormwall	hosting
Streamline Servers	streamline servers	hosting
SugarHosts	sugarhosts	hosting
SunnyVision	sunnyvision	hosting
SuperbHosting	superbhosting	hosting
SwiftWay	swiftway	hosting
SysEleven GmbH	syseleven	hosting
TerraHost	terrahost	hosting
TheGigabit	thegigabit	hosting
TNAHosting	tnahosting	hosting
TopHost	tophost	hosting
TotalServer	totalserver	hosting
TragicServers	tragicservers	hosting
TurnKey Internet	turnkey internet	hosting
Ubiquity Hosting	ubiquity hosting	hosting
UltraHost	ultrahost	hosting
UnityServer	unityserver	hosting
UnlimitedVPS	unlimitedvps	hosting
Urpad	urpad	hosting
V.PS	v.ps	hosting
Vault Networks	vault networks	hosting
VeeroTech	veerotech	hosting
Venyu Solutions	venyu	hosting
ViperHost	viperhost	hosting
VirPus	virpus	hosting
VirtaCore	virtacore	hosting
VirtueHost	virtuehost	hosting
VirtuoLayer	virtuolayer	hosting
Vodien	vodien	hosting
Volumedrive	volumedrive	hosting
VPSBlocks	vpsblocks	hosting
VPSDime	vpsdime	hosting
VPSGet	vpsget	hosting
VPSie	vpsie	hosting
VPSServer	vpsserver	hosting
VSHosting	vshosting	hosting
WebAfrica	webafrica	hosting
Webdock	webdock	hosting
WebFaction	webfaction	hosting
WebNX	webnx	hosting
WestHost	westhost	hosting
WHUK	whuk	hosting
WiredTree	wiredtree	hosting
WireNine	wirenine	hosting
WowRack	wowrack	hosting
X10Hosting	x10hosting	hosting
XeonBD	xeonbd	hosting
XMission	xmission	hosting
Zare Ltd	zare	hosting
ZenLayer	zenlayer	hosting
ZetServers	zetservers	hosting
Zomro BV	zomro	hosting
OVH Hosting	ovh hosting	hosting
Webair Internet	webair	hosting
Input Output Flood	ioflood	hosting
PureVoltage	purevoltage	hosting
FDCservers	fdcservers	hosting
QuadraNet	quadranet	hosting
ColoCrossing LLC	colocrossing llc	hosting
Psychz Networks	psychz	hosting
DaraWeb	daraweb	hosting
Daou Technology	daou	hosting
Korea Telecom Cloud	kt cloud	hosting
SK Broadband	sk broadband	hosting
LG Uplus Cloud	lg uplus	hosting
HiNet	hinet	hosting
Chunghwa Telecom	chunghwa	hosting
Asia Pacific Online	apnic	hosting
SoftBank Cloud	softbank cloud	hosting
IIJ	iij	hosting
NTT PC Communications	ntt pc	hosting
Rakuten Cloud	rakuten cloud	hosting
So-net	so-net	hosting
Coreserver	coreserver	hosting
Lolipop	lolipop	hosting
Xserver	xserver	hosting
Mixhost	mixhost	hosting
ColorfulBox	colorfulbox	hosting
WebARENA	webarena	hosting
CloudGarage	cloudgarage	hosting
Serversman	serversman	hosting
DigitalFire	digitalfire	hosting
HostUS Global	hostus global	hosting
Voxility	voxility	hosting
M247	m247	hosting
DataShack	datashack	hosting
SteadFast Networks	steadfast	hosting
IPXON Networks	ipxon	hosting
Shock Hosting	shock hosting	hosting
WebCare360	webcare360	hosting
HostEasy	hosteasy	hosting
LightWave	lightwave	hosting
VeloxServ	veloxserv	hosting
UK2 Group	uk2	hosting
Linode LLC	linode llc	hosting
Akamai Linode	akamai linode	hosting
CloudSigma	cloudsigma	hosting
UpCloud	upcloud	hosting
GridHost	gridhost	hosting
CloudVPS	cloudvps	hosting
Heficed	heficed	hosting
Optibit	optibit	hosting
Privex	privex	hosting
BitAccel	bitaccel	hosting
Anynode	anynode	hosting
MikroVPS	mikrovps	hosting
VPS.AG	vps.ag	hosting
Hostinger	hostinger	hosting
Webland	webland	hosting
Register.com	register.com	hosting
Network Solutions	network solutions	hosting
Web.com	web.com	hosting
1API GmbH	1api	hosting
Key-Systems	key-systems	hosting
Ascio Technologies	ascio	hosting
CentralNic	centralnic	hosting
Hexonet	hexonet	hosting
InterNetX	internetx	hosting
United Domains	united-domains	hosting
Joker.com	joker.com	hosting
NameBright	namebright	hosting
SafeNames	safenames	hosting
Markmonitor	markmonitor	hosting
CSC Digital Brand	csc digital	hosting
TLDS LLC	tlds llc	hosting
EnCirca	encirca	hosting
PDR Ltd	pdr ltd	hosting
Wild West Domains	wild west domains	hosting
GoDaddy Domains	godaddy domains	hosting
Crazy Domains	crazy domains	hosting
Netregistry	netregistry	hosting
Melbourne IT	melbourne it	hosting
Afilias	afilias	hosting
PIR	pir	hosting
Verisign	verisign	hosting
Neustar	neustar	hosting
Donuts Inc	donuts inc	hosting
Radix FZC	radix fzc	hosting
XYZ.COM	xyz.com	hosting
Rightside	rightside	hosting
Uniregistry	uniregistry	hosting
NameJet	namejet	hosting
Sedo	sedo	hosting
Afternic	afternic	hosting
Dan.com	dan.com	hosting
BrandBucket	brandbucket	hosting
Flippa	flippa	hosting
HugeDomains	hugedomains	hosting
MediaOptions	mediaoptions	hosting
DomainMarket	domainmarket	hosting
Epik	epik	hosting
Njalla	njalla	hosting
Flokinet	flokinet	hosting
Orangewebsite	orangewebsite	hosting
1984 Hosting IS	1984.is	hosting
PRQ	prq	hosting
Offshore Racks	offshore racks	hosting
Shinjiru	shinjiru	hosting
WebCare	webcare	hosting
AlexHost	alexhost	hosting
BlueAngelHost	blueangelhost	hosting
CCIHosting	ccihosting	hosting
HostBill	hostbill	hosting
WHMCS	whmcs	hosting
cPanel	cpanel hosting	hosting
Plesk	plesk hosting	hosting
DirectAdmin	directadmin	hosting
VestaCP	vestacp	hosting
CyberPanel	cyberpanel	hosting
HestiaCP	hestiacp	hosting
ISPConfig	ispconfig	hosting
Webmin	webmin	hosting
Ajenti	ajenti	hosting
Froxlor	froxlor	hosting
aaPanel	aapanel	hosting
CloudLinux	cloudlinux	hosting
LiteSpeed	litespeed	hosting
Imunify360	imunify360	hosting
JetBackup	jetbackup	hosting
Softaculous	softaculous	hosting
Installatron	installatron	hosting
Fantastico	fantastico	hosting
ServerSecure	serversecure	hosting
ConfigServer	configserver	hosting
CSF Firewall	csf firewall	hosting
Atomicorp	atomicorp	hosting
R1Soft	r1soft	hosting
Acronis	acronis	hosting
Veeam	veeam	hosting
Unitrends	unitrends	hosting
Zerto	zerto	hosting
Datto	datto	hosting
StorageCraft	storagecraft	hosting
Commvault	commvault	hosting
Veritas	veritas	hosting
Dell EMC	dell emc	hosting
NetApp	netapp	hosting
Pure Storage	pure storage	hosting
Nutanix	nutanix	hosting
VMware vSAN	vmware vsan	hosting
HPE SimpliVity	hpe simplivity	hosting
Cisco HyperFlex	cisco hyperflex	hosting
Dell VxRail	dell vxrail	hosting
Lenovo ThinkAgile	lenovo thinkagile	hosting
Pivot3	pivot3	hosting
Scale Computing	scale computing	hosting
StarWind	starwind	hosting
DataCore	datacore	hosting
MinIO	minio	hosting
Ceph Storage	ceph storage	hosting
GlusterFS	glusterfs	hosting
Longhorn	longhorn	hosting
OpenEBS	openebs	hosting
Portworx	portworx	hosting
Robin.io	robin.io	hosting
Reduxio	reduxio	hosting
Infinidat	infinidat	hosting
Vast Data	vast data	hosting
WekaIO	wekaio	hosting
QNAP	qnap	hosting
Synology	synology	hosting
TrueNAS	truenas	hosting
FreeNAS	freenas	hosting
Unraid	unraid	hosting
OpenMediaVault	openmediavault	hosting
XigmaNAS	xigmanas	hosting
Rockstor	rockstor	hosting
EonStor	eonstor	hosting
Infortrend	infortrend	hosting
Promise Technology	promise technology	hosting
Drobo	drobo	hosting
WD My Cloud	wd my cloud	hosting
Seagate NAS	seagate nas	hosting
Buffalo NAS	buffalo nas	hosting
Asustor	asustor	hosting
TerraMaster	terramaster	hosting
Thecus	thecus	hosting
LaCie	lacie	hosting
G-Technology	g-technology	hosting
OWC	owc	hosting
HighPoint	highpoint	hosting
Areca	areca	hosting
Adaptec	adaptec	hosting
LSI Logic	lsi logic	hosting
Broadcom	broadcom	hosting
Marvell	marvell	hosting
Microsemi	microsemi	hosting
Mellanox	mellanox	hosting
QLogic	qlogic	hosting
Emulex	emulex	hosting
ATTO Technology	atto technology	hosting
Chelsio	chelsio	hosting
Solarflare	solarflare	hosting
Myricom	myricom	hosting
Napatech	napatech	hosting
Netronome	netronome	hosting
Pensando	pensando	hosting
Fungible	fungible	hosting
Marvell Prestera	prestera	hosting
Barefoot Networks	barefoot	hosting
Innovium	innovium	hosting
Centec Networks	centec	hosting
Nephos	nephos	hosting
NordVPN	nordvpn	vpn
Nord Security	nord security	vpn
ExpressVPN	expressvpn	vpn
Express VPN	express vpn	vpn
Surfshark	surfshark	vpn
CyberGhost	cyberghost	vpn
Cyber Ghost	cyber ghost	vpn
Private Internet Access	private internet	vpn
PIA VPN	pia vpn	vpn
IPVanish	ipvanish	vpn
IP Vanish	ip vanish	vpn
ProtonVPN	protonvpn	vpn
Proton VPN	proton vpn	vpn
Proton AG	proton ag	vpn
Proton Technologies	proton technologies	vpn
Mullvad VPN	mullvad	vpn
IVPN	ivpn	vpn
Windscribe	windscribe	vpn
TunnelBear	tunnelbear	vpn
Tunnel Bear	tunnel bear	vpn
Hotspot Shield	hotspot shield	vpn
AnchorFree	anchorfree	vpn
HideMyAss	hidemyass	vpn
Hide My Ass	hide my ass	vpn
HMA VPN	hma vpn	vpn
PureVPN	purevpn	vpn
Pure VPN	pure vpn	vpn
VyprVPN	vyprvpn	vpn
Vypr VPN	vypr vpn	vpn
Golden Frog	golden frog	vpn
StrongVPN	strongvpn	vpn
Strong VPN	strong vpn	vpn
Hide.me VPN	hide.me	vpn
Trust.Zone	trust.zone	vpn
TrustZone	trustzone	vpn
AirVPN	airvpn	vpn
Air VPN	air vpn	vpn
VPNArea	vpnarea	vpn
PrivateVPN	privatevpn	vpn
Private VPN	private vpn	vpn
Astrill VPN	astrill	vpn
VPN.ac	vpn.ac	vpn
OVPN.com	ovpn.com	vpn
Mysterium Network	mysterium	vpn
Perfect Privacy	perfect privacy	vpn
AzireVPN	azirevpn	vpn
Azire VPN	azire vpn	vpn
Cryptostorm	cryptostorm	vpn
BolehVPN	bolehvpn	vpn
BlackVPN	blackvpn	vpn
TorGuard	torguard	vpn
Tor Guard	tor guard	vpn
VPN Unlimited	vpn unlimited	vpn
KeepSolid VPN	keepsolid	vpn
Goose VPN	goose vpn	vpn
GooseVPN	goosevpn	vpn
SaferVPN	safervpn	vpn
Safer VPN	safer vpn	vpn
Perimeter 81	perimeter 81	vpn
NordLayer	nordlayer	vpn
Nord Layer	nord layer	vpn
Cisco AnyConnect	cisco anyconnect	vpn
Cisco VPN	cisco vpn	vpn
OpenVPN	openvpn	vpn
Open VPN	open vpn	vpn
WireGuard	wireguard	vpn
Wire Guard	wire guard	vpn
SoftEther VPN	softether	vpn
Soft Ether	soft ether	vpn
Tailscale	tailscale	vpn
ZeroTier	zerotier	vpn
Zero Tier	zero tier	vpn
Hamachi	hamachi	vpn
LogMeIn Hamachi	logmein hamachi	vpn
Radmin VPN	radmin vpn	vpn
Palo Alto GlobalProtect	globalprotect	vpn
Global Protect	global protect	vpn
Fortinet FortiClient	forticlient	vpn
Forti Client	forti client	vpn
Checkpoint VPN	checkpoint vpn	vpn
Check Point VPN	check point vpn	vpn
Juniper VPN	juniper vpn	vpn
Pulse Secure	pulse secure	vpn
PulseSecure	pulsesecure	vpn
F5 VPN	f5 vpn	vpn
F5 Networks	f5 networks	vpn
Citrix VPN	citrix vpn	vpn
Citrix Gateway	citrix gateway	vpn
Zscaler	zscaler	vpn
Netskope	netskope	vpn
VMware SASE	vmware sase	vpn
Barracuda VPN	barracuda vpn	vpn
SonicWall VPN	sonicwall	vpn
Sonic Wall	sonic wall	vpn
WatchGuard VPN	watchguard	vpn
Watch Guard	watch guard	vpn
Sophos VPN	sophos vpn	vpn
Sophos Connect	sophos connect	vpn
Astrill China	astrill china	vpn
VPN Proxy Master	vpn proxy master	vpn
Proxy Master	proxy master	vpn
SuperVPN	supervpn	vpn
Super VPN	super vpn	vpn
Thunder VPN	thunder vpn	vpn
ThunderVPN	thundervpn	vpn
Turbo VPN	turbo vpn	vpn
TurboVPN	turbovpn	vpn
Snap VPN	snap vpn	vpn
SnapVPN	snapvpn	vpn
Secure VPN	secure vpn	vpn
SecureVPN	securevpn	vpn
VPN Master	vpn master	vpn
VPNMaster	vpnmaster	vpn
VPN Hub	vpn hub	vpn
VPNHub	vpnhub	vpn
Free VPN	free vpn	vpn
FreeVPN	freevpn	vpn
Hola VPN	hola vpn	vpn
Hola	hola 	vpn
Betternet	betternet	vpn
Better Net	better net	vpn
Touch VPN	touch vpn	vpn
TouchVPN	touchvpn	vpn
Urban VPN	urban vpn	vpn
UrbanVPN	urbanvpn	vpn
UFO VPN	ufo vpn	vpn
UFOVPN	ufovpn	vpn
X-VPN	x-vpn	vpn
XVPN	xvpn	vpn
VPN 360	vpn 360	vpn
VPN360	vpn360	vpn
VPN Robot	vpn robot	vpn
VPNRobot	vpnrobot	vpn
Hotspot VPN	hotspot vpn	vpn
HotspotVPN	hotspotvpn	vpn
Sky VPN	sky vpn	vpn
SkyVPN	skyvpn	vpn
Star VPN	star vpn	vpn
StarVPN	starvpn	vpn
Speed VPN	speed vpn	vpn
SpeedVPN	speedvpn	vpn
Flash VPN	flash vpn	vpn
FlashVPN	flashvpn	vpn
Quick VPN	quick vpn	vpn
QuickVPN	quickvpn	vpn
Solo VPN	solo vpn	vpn
SoloVPN	solovpn	vpn
Power VPN	power vpn	vpn
PowerVPN	powervpn	vpn
Fast VPN	fast vpn	vpn
FastVPN	fastvpn	vpn
Easy VPN	easy vpn	vpn
EasyVPN	easyvpn	vpn
Simple VPN	simple vpn	vpn
SimpleVPN	simplevpn	vpn
Cloudflare WARP	warp	vpn
1.1.1.1 WARP	1.1.1.1 warp	vpn
iCloud Private Relay	icloud private	vpn
Apple Private Relay	apple private	vpn
Firefox VPN	firefox vpn	vpn
Mozilla VPN	mozilla vpn	vpn
Google One VPN	google one vpn	vpn
Google VPN	google vpn	vpn
Opera VPN	opera vpn	vpn
OperaVPN	operavpn	vpn
Brave VPN	brave vpn	vpn
BraveVPN	bravevpn	vpn
DuckDuckGo VPN	duckduckgo vpn	vpn
Avira Phantom VPN	avira phantom	vpn
Avira VPN	avira vpn	vpn
Norton VPN	norton vpn	vpn
Norton Secure VPN	norton secure	vpn
McAfee VPN	mcafee vpn	vpn
McAfee Safe Connect	mcafee safe	vpn
Kaspersky VPN	kaspersky vpn	vpn
Kaspersky Secure	kaspersky secure	vpn
Bitdefender VPN	bitdefender vpn	vpn
Bitdefender Premium	bitdefender premium	vpn
AVG VPN	avg vpn	vpn
AVG Secure VPN	avg secure	vpn
Avast VPN	avast vpn	vpn
Avast SecureLine	avast secureline	vpn
Malwarebytes VPN	malwarebytes vpn	vpn
Malwarebytes Privacy	malwarebytes privacy	vpn
F-Secure VPN	f-secure vpn	vpn
F-Secure Freedome	freedome	vpn
Trend Micro VPN	trend micro vpn	vpn
Panda VPN	panda vpn	vpn
Webroot VPN	webroot vpn	vpn
ESET VPN	eset vpn	vpn
ZoneAlarm VPN	zonealarm vpn	vpn
Atlas VPN	atlas vpn	vpn
AtlasVPN	atlasvpn	vpn
VeePN	veepn	vpn
Vee PN	vee pn	vpn
AdGuard VPN	adguard vpn	vpn
AdGuardVPN	adguardvpn	vpn
Planet VPN	planet vpn	vpn
PlanetVPN	planetvpn	vpn
iTop VPN	itop vpn	vpn
iTopVPN	itopvpn	vpn
CactusVPN	cactusvpn	vpn
Cactus VPN	cactus vpn	vpn
SecureVPN Pro	securevpn pro	vpn
VPNSecure	vpnsecure	vpn
VPN Secure	vpn secure	vpn
SpyOFF VPN	spyoff	vpn
ibVPN	ibvpn	vpn
Invisible Browsing VPN	invisible browsing	vpn
Buffered VPN	buffered vpn	vpn
BufferedVPN	bufferedvpn	vpn
ActiVPN	activpn	vpn
Acti VPN	acti vpn	vpn
AnonymousVPN	anonymousvpn	vpn
Anonymous VPN	anonymous vpn	vpn
BeeVPN	beevpn	vpn
Bee VPN	bee vpn	vpn
BlufVPN	blufvpn	vpn
BoxPN	boxpn	vpn
BTGuard	btguard	vpn
BT Guard	bt guard	vpn
Celo VPN	celo vpn	vpn
CeloVPN	celovpn	vpn
CitizenVPN	citizenvpn	vpn
Citizen VPN	citizen vpn	vpn
DefenceVPN	defencevpn	vpn
Defence VPN	defence vpn	vpn
DisconnectVPN	disconnect vpn	vpn
Disconnect	disconnect.me	vpn
DotVPN	dotvpn	vpn
Dot VPN	dot vpn	vpn
EarthVPN	earthvpn	vpn
Earth VPN	earth vpn	vpn
EncryptoTel	encryptotel	vpn
Encrypto Tel	encrypto tel	vpn
ExpressVPN BVI	expressvpn bvi	vpn
FlyVPN	flyvpn	vpn
Fly VPN	fly vpn	vpn
FrootVPN	frootvpn	vpn
Froot VPN	froot vpn	vpn
GhostPath	ghostpath	vpn
Ghost Path	ghost path	vpn
GetFlix	getflix	vpn
Get Flix	get flix	vpn
HexaTech	hexatech	vpn
Hexa Tech	hexa tech	vpn
HideAll	hideall	vpn
Hide All	hide all	vpn
HideIPVPN	hideipvpn	vpn
Hide IP VPN	hide ip vpn	vpn
HideMy.name	hidemy.name	vpn
HighspeedVPN	highspeedvpn	vpn
Highspeed VPN	highspeed vpn	vpn
IPredator	ipredator	vpn
I Predator	i predator	vpn
IronSocket	ironsocket	vpn
Iron Socket	iron socket	vpn
JonDoNYM	jondonym	vpn
LeVPN	levpn	vpn
Le VPN	le vpn	vpn
LibertyVPN	libertyvpn	vpn
Liberty VPN	liberty vpn	vpn
LimeVPN	limevpn	vpn
Lime VPN	lime vpn	vpn
MonVPN	monvpn	vpn
Mon VPN	mon vpn	vpn
My Expat Network	my expat network	vpn
MyExpatNetwork	myexpatnetwork	vpn
Namecheap VPN	namecheap vpn	vpn
NolimitVPN	nolimitvpn	vpn
Nolimit VPN	nolimit vpn	vpn
OneVPN	onevpn	vpn
One VPN	one vpn	vpn
OverPlay	overplay	vpn
Over Play	over play	vpn
Phantom VPN	phantom vpn	vpn
PhantomVPN	phantomvpn	vpn
PrivacyIO	privacy.io	vpn
Privacy IO	privacy io	vpn
PrivatePackets	privatepackets	vpn
Private Packets	private packets	vpn
PrivateTunnel	privatetunnel	vpn
Private Tunnel	private tunnel	vpn
PRO VPN	pro vpn	vpn
PROVPN	provpn	vpn
ProXPN	proxpn	vpn
Pro XPN	pro xpn	vpn
PureVPN HK	purevpn hk	vpn
RA4W VPN	ra4w	vpn
RapidVPN	rapidvpn	vpn
Rapid VPN	rapid vpn	vpn
SafeIP	safeip	vpn
Safe IP	safe ip	vpn
SafeVPN	safevpn	vpn
Safe VPN	safe vpn	vpn
SecurityKISS	securitykiss	vpn
Security KISS	security kiss	vpn
Seed4.Me	seed4.me	vpn
SeedVPN	seedvpn	vpn
ShadeYou VPN	shadeyou	vpn
Shade You	shade you	vpn
SlickVPN	slickvpn	vpn
Slick VPN	slick vpn	vpn
SmartVPN	smartvpn	vpn
Smart VPN	smart vpn	vpn
Speedify	speedify	vpn
SpeedVPN Pro	speedvpn pro	vpn
StealthVPN	stealthvpn	vpn
Stealth VPN	stealth vpn	vpn
SumRando	sumrando	vpn
Sum Rando	sum rando	vpn
SunshineVPN	sunshinevpn	vpn
Sunshine VPN	sunshine vpn	vpn
SurfEasy	surfeasy	vpn
Surf Easy	surf easy	vpn
SwitchVPN	switchvpn	vpn
Switch VPN	switch vpn	vpn
TigerVPN	tigervpn	vpn
Tiger VPN	tiger vpn	vpn
TotalVPN	totalvpn	vpn
Total VPN	total vpn	vpn
TrustVPN	trustvpn	vpn
Trust VPN	trust vpn	vpn
UltraVPN	ultravpn	vpn
Ultra VPN	ultra vpn	vpn
Unblock-US	unblock-us	vpn
UnblockVPN	unblockvpn	vpn
Unblock VPN	unblock vpn	vpn
UnoTelly	unotelly	vpn
Uno Telly	uno telly	vpn
Unseen Online	unseen online	vpn
UnseenOnline	unseenonline	vpn
VanishedVPN	vanishedvpn	vpn
Vanished VPN	vanished vpn	vpn
VPN Asia	vpn asia	vpn
VPNAsia	vpnasia	vpn
VPN Baron	vpn baron	vpn
VPNBaron	vpnbaron	vpn
VPN City	vpn city	vpn
VPNCity	vpncity	vpn
VPN Express	vpn express	vpn
VPNExpress	vpnexpress	vpn
VPN Gate	vpn gate	vpn
VPNGate	vpngate	vpn
VPN Land	vpn land	vpn
VPNLand	vpnland	vpn
VPN LatAm	vpn latam	vpn
VPNLatAm	vpnlatam	vpn
VPN One Click	vpn one click	vpn
VPNOneClick	vpnoneclick	vpn
VPN Proxy	vpn proxy	vpn
VPNProxy	vpnproxy	vpn
VPN Shield	vpn shield	vpn
VPNShield	vpnshield	vpn
VPN Shazam	vpn shazam	vpn
VPNShazam	vpnshazam	vpn
VPN Tracker	vpn tracker	vpn
VPNTracker	vpntracker	vpn
VPN4All	vpn4all	vpn
VPN 4 All	vpn 4 all	vpn
VPN99	vpn99	vpn
VPN 99	vpn 99	vpn
VPNBook	vpnbook	vpn
VPN Book	vpn book	vpn
VPNify	vpnify	vpn
VPN ify	vpn ify	vpn
Whoer VPN	whoer vpn	vpn
WhoerVPN	whoervpn	vpn
WorldVPN	worldvpn	vpn
World VPN	world vpn	vpn
ZenMate	zenmate	vpn
Zen Mate	zen mate	vpn
ZoogVPN	zoogvpn	vpn
Zoog VPN	zoog vpn	vpn
12VPN	12vpn	vpn
5 Euro VPN	5 euro vpn	vpn
ACT VPN	act vpn	vpn
AnthaVPN	anthavpn	vpn
AnyConnect	anyconnect	vpn
AppVPN	appvpn	vpn
ArkVPN	arkvpn	vpn
Avast Phantom	avast phantom	vpn
AxonVPN	axonvpn	vpn
B.VPN	b.vpn	vpn
BazookVPN	bazookvpn	vpn
BeamVPN	beamvpn	vpn
BestVPN	bestvpn	vpn
BitVPN	bitvpn	vpn
BlazingVPN	blazingvpn	vpn
BlenVPN	blenvpn	vpn
BlitzVPN	blitzvpn	vpn
BlueVPN	bluevpn	vpn
BoltVPN	boltvpn	vpn
BoomVPN	boomvpn	vpn
BrightVPN	brightvpn	vpn
BulletVPN	bulletvpn	vpn
BunnyVPN	bunnyvpn	vpn
CafeVPN	cafevpn	vpn
CalVPN	calvpn	vpn
CandyVPN	candyvpn	vpn
ClashVPN	clashvpn	vpn
ClearVPN	clearvpn	vpn
CleverVPN	clevervpn	vpn
ClickVPN	clickvpn	vpn
ClimateVPN	climatevpn	vpn
CloudVPN	cloudvpn	vpn
CobraVPN	cobravpn	vpn
CodeVPN	codevpn	vpn
ComodoVPN	comodo vpn	vpn
ConnectVPN	connectvpn	vpn
CoolVPN	coolvpn	vpn
CoreVPN	corevpn	vpn
CovermeVPN	covermevpn	vpn
CrashVPN	crashvpn	vpn
CrossVPN	crossvpn	vpn
CrowdVPN	crowdvpn	vpn
CryptoVPN	cryptovpn	vpn
CubeVPN	cubevpn	vpn
DarkVPN	darkvpn	vpn
DashVPN	dashvpn	vpn
DataVPN	datavpn	vpn
DeepVPN	deepvpn	vpn
DeltaVPN	deltavpn	vpn
DinoVPN	dinovpn	vpn
DoubleVPN	doublevpn	vpn
DoveVPN	dovevpn	vpn
DragonVPN	dragonvpn	vpn
DroidVPN	droidvpn	vpn
DuoVPN	duovpn	vpn
DuskVPN	duskvpn	vpn
EagleVPN	eaglevpn	vpn
EchoVPN	echovpn	vpn
EdgeVPN	edgevpn	vpn
EliteVPN	elitevpn	vpn
EmberVPN	embervpn	vpn
EmeraldVPN	emeraldvpn	vpn
EnergyVPN	energyvpn	vpn
EpicVPN	epicvpn	vpn
EurekaVPN	eurekavpn	vpn
EverVPN	evervpn	vpn
ExodusVPN	exodusvpn	vpn
FalconVPN	falconvpn	vpn
FancyVPN	fancyvpn	vpn
FastestVPN	fastestvpn	vpn
FeatherVPN	feathervpn	vpn
FireVPN	firevpn	vpn
FlareVPN	flarevpn	vpn
FlexVPN	flexvpn	vpn
FlipVPN	flipvpn	vpn
FlowVPN	flowvpn	vpn
FlukeVPN	flukevpn	vpn
FlyingVPN	flyingvpn	vpn
FogVPN	fogvpn	vpn
ForestVPN	forestvpn	vpn
ForgeVPN	forgevpn	vpn
FortVPN	fortvpn	vpn
FoxVPN	foxvpn	vpn
FreedomVPN	freedomvpn	vpn
FreshVPN	freshvpn	vpn
FrostVPN	frostvpn	vpn
FusionVPN	fusionvpn	vpn
FutureVPN	futurevpn	vpn
GalaxyVPN	galaxyvpn	vpn
GateVPN	gatevpn	vpn
GemVPN	gemvpn	vpn
GhostVPN	ghostvpn	vpn
GiantVPN	giantvpn	vpn
GlassVPN	glassvpn	vpn
GlobalVPN	globalvpn	vpn
GloryVPN	gloryvpn	vpn
GlowVPN	glowvpn	vpn
GoingVPN	goingvpn	vpn
GoldVPN	goldvpn	vpn
GoodVPN	goodvpn	vpn
GraceVPN	gracevpn	vpn
GrandVPN	grandvpn	vpn
GrassVPN	grassvpn	vpn
GreenVPN	greenvpn	vpn
GridVPN	gridvpn	vpn
GuardVPN	guardvpn	vpn
GuideVPN	guidevpn	vpn
GulfVPN	gulfvpn	vpn
HaloVPN	halovpn	vpn
HarbourVPN	harbourvpn	vpn
HarmonyVPN	harmonyvpn	vpn
HavenVPN	havenvpn	vpn
HawkVPN	hawkvpn	vpn
HazeVPN	hazevpn	vpn
HeartVPN	heartvpn	vpn
HeatVPN	heatvpn	vpn
HeroVPN	herovpn	vpn
HidenVPN	hidenvpn	vpn
HillVPN	hillvpn	vpn
HiveVPN	hivevpn	vpn
HoldVPN	holdvpn	vpn
HomeVPN	homevpn	vpn
HoneyVPN	honeyvpn	vpn
HoodVPN	hoodvpn	vpn
HopeVPN	hopevpn	vpn
HorizonVPN	horizonvpn	vpn
HourVPN	hourvpn	vpn
HouseVPN	housevpn	vpn
HubVPN	hubvpn	vpn
HueVPN	huevpn	vpn
HuntVPN	huntvpn	vpn
HyperVPN	hypervpn	vpn
IceVPN	icevpn	vpn
IconVPN	iconvpn	vpn
IdealVPN	idealvpn	vpn
ImpactVPN	impactvpn	vpn
InfiniteVPN	infinitevpn	vpn
InkVPN	inkvpn	vpn
InnerVPN	innervpn	vpn
InsideVPN	insidevpn	vpn
InstantVPN	instantvpn	vpn
IntelVPN	intelvpn	vpn
InterVPN	intervpn	vpn
InvisVPN	invisvpn	vpn
IrisVPN	irisvpn	vpn
IronVPN	ironvpn	vpn
IslandVPN	islandvpn	vpn
IvoryVPN	ivoryvpn	vpn
JadeVPN	jadevpn	vpn
JaguarVPN	jaguarvpn	vpn
JamVPN	jamvpn	vpn
JazzVPN	jazzvpn	vpn
JellyVPN	jellyvpn	vpn
JetVPN	jetvpn	vpn
JewelVPN	jewelvpn	vpn
JointVPN	jointvpn	vpn
JoltVPN	joltvpn	vpn
JoyVPN	joyvpn	vpn
JuiceVPN	juicevpn	vpn
JumpVPN	jumpvpn	vpn
JungleVPN	junglevpn	vpn
JuniorVPN	juniorvpn	vpn
JustVPN	justvpn	vpn
KeenVPN	keenvpn	vpn
KendoVPN	kendovpn	vpn
KeyVPN	keyvpn	vpn
KickVPN	kickvpn	vpn
KingVPN	kingvpn	vpn
KiteVPN	kitevpn	vpn
KnightVPN	knightvpn	vpn
KnotVPN	knotvpn	vpn
KoalaVPN	koalavpn	vpn
LaserVPN	laservpn	vpn
LeadVPN	leadvpn	vpn
LeafVPN	leafvpn	vpn
LegendVPN	legendvpn	vpn
LemonVPN	lemonvpn	vpn
LensVPN	lensvpn	vpn
LevelVPN	levelvpn	vpn
LightVPN	lightvpn	vpn
LinkVPN	linkvpn	vpn
LionVPN	lionvpn	vpn
LiveVPN	livevpn	vpn
LocalVPN	localvpn	vpn
LockVPN	lockvpn	vpn
LogicVPN	logicvpn	vpn
LoopVPN	loopvpn	vpn
LordVPN	lordvpn	vpn
LoudVPN	loudvpn	vpn
LoveVPN	lovevpn	vpn
LuckyVPN	luckyvpn	vpn
LunarVPN	lunarvpn	vpn
LuxVPN	luxvpn	vpn
Luminati Networks	luminati	proxy
Bright Data	bright data	proxy
BrightData	brightdata	proxy
Oxylabs	oxylabs	proxy
Oxy Labs	oxy labs	proxy
Smartproxy	smartproxy	proxy
Smart Proxy	smart proxy	proxy
GeoSurf	geosurf	proxy
Geo Surf	geo surf	proxy
Shifter.io	shifter.io	proxy
Storm Proxies	storm proxies	proxy
StormProxies	stormproxies	proxy
Proxy-Seller	proxy-seller	proxy
ProxySeller	proxyseller	proxy
ProxyScrape	proxyscrape	proxy
Proxy Scrape	proxy scrape	proxy
Proxy-Cheap	proxy-cheap	proxy
ProxyCheap	proxycheap	proxy
HighProxies	highproxies	proxy
High Proxies	high proxies	proxy
BuyProxies	buyproxies	proxy
Buy Proxies	buy proxies	proxy
MyPrivateProxy	myprivateproxy	proxy
My Private Proxy	my private proxy	proxy
InstantProxies	instantproxies	proxy
Instant Proxies	instant proxies	proxy
SSLPrivateProxy	sslprivateproxy	proxy
SSL Private Proxy	ssl private proxy	proxy
Squid Proxies	squid proxies	proxy
SquidProxies	squidproxies	proxy
Blazing SEO Proxy	blazing seo	proxy
BlazingSEO	blazingseo	proxy
Rayobyte	rayobyte	proxy
PacketStream	packetstream	proxy
Packet Stream	packet stream	proxy
Webshare	webshare	proxy
Web Share	web share	proxy
Proxy Empire	proxy empire	proxy
ProxyEmpire	proxyempire	proxy
Proxy Rack	proxy rack	proxy
ProxyRack	proxyrack	proxy
NetNut	netnut	proxy
Net Nut	net nut	proxy
Soax	soax	proxy
IPRoyal	iproyal	proxy
IP Royal	ip royal	proxy
Infatica	infatica	proxy
ProxyBonanza	proxybonanza	proxy
Proxy Bonanza	proxy bonanza	proxy
Proxy-N-VPN	proxy-n-vpn	proxy
ProxyNVPN	proxynvpn	proxy
LimeProxies	limeproxies	proxy
Lime Proxies	lime proxies	proxy
ProxyMesh	proxymesh	proxy
Proxy Mesh	proxy mesh	proxy
Zyte	zyte	proxy
ScraperAPI	scraperapi	proxy
Scraper API	scraper api	proxy
ScrapingBee	scrapingbee	proxy
Crawlera	crawlera	proxy
Apify	apify	proxy
Scrapingdog	scrapingdog	proxy
Scraping Dog	scraping dog	proxy
ScrapFly	scrapfly	proxy
ProxyCrawl	proxycrawl	proxy
Proxy Crawl	proxy crawl	proxy
Crawlbase	crawlbase	proxy
Microleaves	microleaves	proxy
Micro Leaves	micro leaves	proxy
Proxyland	proxyland	proxy
Proxy Land	proxy land	proxy
KProxy	kproxy	proxy
K Proxy	k proxy	proxy
FilterBypass	filterbypass	proxy
Filter Bypass	filter bypass	proxy
Hide.me Proxy	hide.me proxy	proxy
HideMyAss Proxy	hidemyass proxy	proxy
CroxyProxy	croxyproxy	proxy
Croxy Proxy	croxy proxy	proxy
4everproxy	4everproxy	proxy
4 Ever Proxy	4 ever proxy	proxy
ProxySite	proxysite	proxy
Proxy Site	proxy site	proxy
Anonymouse	anonymouse	proxy
Whoer Proxy	whoer	proxy
Hidester	hidester	proxy
VPNBook Proxy	vpnbook proxy	proxy
GeoProxy	geoproxy	proxy
Bright Proxies	bright proxies	proxy
Proxy Solutions	proxy solutions	proxy
UnblockSite	unblocksite	proxy
Unblock Site	unblock site	proxy
ProxyFree	proxyfree	proxy
Proxy Free	proxy free	proxy
FreeProxy	freeproxy	proxy
Free Proxy	free proxy	proxy
WebProxy	webproxy	proxy
Web Proxy	web proxy	proxy
ProxyServer	proxyserver	proxy
Proxy Server	proxy server	proxy
HideIP	hideip	proxy
Hide IP	hide ip	proxy
IPHider	iphider	proxy
IP Hider	ip hider	proxy
AnonymousProxy	anonymousproxy	proxy
Anonymous Proxy	anonymous proxy	proxy
SecretProxy	secretproxy	proxy
Secret Proxy	secret proxy	proxy
PrivateProxy	privateproxy	proxy
Private Proxy	private proxy	proxy
SafeProxy	safeproxy	proxy
Safe Proxy	safe proxy	proxy
Residential Proxy	residential proxy	proxy
ResidentialProxy	residentialproxy	proxy
Residential IP	residential ip	proxy
Rotating Proxy	rotating proxy	proxy
RotatingProxy	rotatingproxy	proxy
Rotating IP	rotating ip	proxy
Mobile Proxy	mobile proxy	proxy
MobileProxy	mobileproxy	proxy
4G Proxy	4g proxy	proxy
4GProxy	4gproxy	proxy
5G Proxy	5g proxy	proxy
5GProxy	5gproxy	proxy
LTE Proxy	lte proxy	proxy
LTEProxy	lteproxy	proxy
Datacenter Proxy	datacenter proxy	proxy
DatacenterProxy	datacenterproxy	proxy
Static Proxy	static proxy	proxy
StaticProxy	staticproxy	proxy
Backconnect Proxy	backconnect proxy	proxy
BackconnectProxy	backconnectproxy	proxy
SOCKS Proxy	socks	proxy
SOCKS4 Proxy	socks4	proxy
SOCKS5 Proxy	socks5	proxy
HTTP Proxy	http proxy	proxy
HTTPProxy	httpproxy	proxy
HTTPS Proxy	https proxy	proxy
HTTPSProxy	httpsproxy	proxy
Elite Proxy	elite proxy	proxy
Transparent Proxy	transparent proxy	proxy
TransparentProxy	transparentproxy	proxy
Forward Proxy	forward proxy	proxy
ForwardProxy	forwardproxy	proxy
Reverse Proxy	reverse proxy	proxy
ReverseProxy	reverseproxy	proxy
CGI Proxy	cgi proxy	proxy
CGIProxy	cgiproxy	proxy
SSL Proxy	ssl proxy	proxy
SSLProxy	sslproxy	proxy
Tor Exit Node	tor exit	proxy
Tor Network	tor network	proxy
TorProject	torproject	proxy
Tor Project	tor project	proxy
Onion Router	onion router	proxy
OnionRouter	onionrouter	proxy
Tor Relay	tor relay	proxy
TorRelay	torrelay	proxy
Tor Guard	tor guard	proxy
Tor Bridge	tor bridge	proxy
I2P Network	i2p	proxy
I2P Router	i2p router	proxy
Freenet	freenet	proxy
Free Net	free net	proxy
ZeroNet	zeronet	proxy
Zero Net	zero net	proxy
IPFS Gateway	ipfs gateway	proxy
Lokinet	lokinet	proxy
Loki Net	loki net	proxy
Yggdrasil Network	yggdrasil	proxy
ProxyList	proxylist	proxy
Proxy List	proxy list	proxy
ProxyChecker	proxychecker	proxy
Proxy Checker	proxy checker	proxy
ProxyRotator	proxyrotator	proxy
Proxy Rotator	proxy rotator	proxy
ProxyHub	proxyhub	proxy
Proxy Hub	proxy hub	proxy
ProxyWorld	proxyworld	proxy
Proxy World	proxy world	proxy
ProxyGlobal	proxyglobal	proxy
Proxy Global	proxy global	proxy
ProxyNet	proxynet	proxy
Proxy Net	proxy net	proxy
ProxyCloud	proxycloud	proxy
Proxy Cloud	proxy cloud	proxy
ProxyStar	proxystar	proxy
Proxy Star	proxy star	proxy
ProxyKing	proxyking	proxy
Proxy King	proxy king	proxy
ProxyQueen	proxyqueen	proxy
Proxy Queen	proxy queen	proxy
ProxyMaster	proxymaster	proxy
ProxyLord	proxylord	proxy
Proxy Lord	proxy lord	proxy
ProxyBoss	proxyboss	proxy
Proxy Boss	proxy boss	proxy
ProxyChief	proxychief	proxy
Proxy Chief	proxy chief	proxy
ProxyLeader	proxyleader	proxy
Proxy Leader	proxy leader	proxy
ProxyPrime	proxyprime	proxy
Proxy Prime	proxy prime	proxy
ProxyPlus	proxyplus	proxy
Proxy Plus	proxy plus	proxy
ProxyPro	proxypro	proxy
Proxy Pro	proxy pro	proxy
ProxyMax	proxymax	proxy
Proxy Max	proxy max	proxy
ProxyUltra	proxyultra	proxy
Proxy Ultra	proxy ultra	proxy
ProxySuper	proxysuper	proxy
Proxy Super	proxy super	proxy
ProxyMega	proxymega	proxy
Proxy Mega	proxy mega	proxy
ProxyGiga	proxygiga	proxy
Proxy Giga	proxy giga	proxy
ProxyTera	proxytera	proxy
Proxy Tera	proxy tera	proxy
ProxyPeta	proxypeta	proxy
Proxy Peta	proxy peta	proxy
ProxyOmega	proxyomega	proxy
Proxy Omega	proxy omega	proxy
ProxyAlpha	proxyalpha	proxy
Proxy Alpha	proxy alpha	proxy
ProxyBeta	proxybeta	proxy
Proxy Beta	proxy beta	proxy
ProxyGamma	proxygamma	proxy
Proxy Gamma	proxy gamma	proxy
ProxyDelta	proxydelta	proxy
Proxy Delta	proxy delta	proxy
ProxyEpsilon	proxyepsilon	proxy
Proxy Epsilon	proxy epsilon	proxy
ProxyZeta	proxyzeta	proxy
Proxy Zeta	proxy zeta	proxy
ProxyEta	proxyeta	proxy
Proxy Eta	proxy eta	proxy
ProxyTheta	proxytheta	proxy
Proxy Theta	proxy theta	proxy
ProxyIota	proxyiota	proxy
Proxy Iota	proxy iota	proxy
ProxyKappa	proxykappa	proxy
Proxy Kappa	proxy kappa	proxy
ProxyLambda	proxylambda	proxy
Proxy Lambda	proxy lambda	proxy
ProxySigma	proxysigma	proxy
Proxy Sigma	proxy sigma	proxy
ProxyPi	proxypi	proxy
Proxy Pi	proxy pi	proxy
AceProxy	aceproxy	proxy
ActionProxy	actionproxy	proxy
ActiveProxy	activeproxy	proxy
AdaptProxy	adaptproxy	proxy
AdvanceProxy	advanceproxy	proxy
AgileProxy	agileproxy	proxy
AirProxy	airproxy	proxy
AlpineProxy	alpineproxy	proxy
AmberProxy	amberproxy	proxy
AnchorProxy	anchorproxy	proxy
AngelProxy	angelproxy	proxy
ApexProxy	apexproxy	proxy
AquaProxy	aquaproxy	proxy
ArcProxy	arcproxy	proxy
ArenaProxy	arenaproxy	proxy
ArmourProxy	armourproxy	proxy
ArrowProxy	arrowproxy	proxy
AssetProxy	assetproxy	proxy
AtlasProxy	atlasproxy	proxy
AtomProxy	atomproxy	proxy
AuroraProxy	auroraproxy	proxy
AutoProxy	autoproxy	proxy
AxisProxy	axisproxy	proxy
AzureProxy	azureproxy	proxy
BadgeProxy	badgeproxy	proxy
BannerProxy	bannerproxy	proxy
BaseProxy	baseproxy	proxy
BasicProxy	basicproxy	proxy
BeaconProxy	beaconproxy	proxy
BearProxy	bearproxy	proxy
BeastProxy	beastproxy	proxy
BellProxy	bellproxy	proxy
BirdProxy	birdproxy	proxy
BlackProxy	blackproxy	proxy
BladeProxy	bladeproxy	proxy
BlastProxy	blastproxy	proxy
BlazeProxy	blazeproxy	proxy
BlinkProxy	blinkproxy	proxy
BlissProxy	blissproxy	proxy
BlockProxy	blockproxy	proxy
BloomProxy	bloomproxy	proxy
BlueProxy	blueproxy	proxy
BoldProxy	boldproxy	proxy
BoltProxy	boltproxy	proxy
BondProxy	bondproxy	proxy
BoomProxy	boomproxy	proxy
BoostProxy	boostproxy	proxy
BossProxy	bossproxy	proxy
BraveProxy	braveproxy	proxy
BreakProxy	breakproxy	proxy
BreezeProxy	breezeproxy	proxy
BridgeProxy	bridgeproxy	proxy
BrightProxy	brightproxy	proxy
BriskProxy	briskproxy	proxy
BroadProxy	broadproxy	proxy
BronzeProxy	bronzeproxy	proxy
BuddyProxy	buddyproxy	proxy
BuffProxy	buffproxy	proxy
BulkProxy	bulkproxy	proxy
BulletProxy	bulletproxy	proxy
BumpProxy	bumpproxy	proxy
BundleProxy	bundleproxy	proxy
BurstProxy	burstproxy	proxy
BuzzProxy	buzzproxy	proxy
CacheProxy	cacheproxy	proxy
CalcProxy	calcproxy	proxy
CalmProxy	calmproxy	proxy
CampProxy	campproxy	proxy
CapProxy	capproxy	proxy
CareProxy	careproxy	proxy
CargoProxy	cargoproxy	proxy
CastProxy	castproxy	proxy
CatchProxy	catchproxy	proxy
CaveProxy	caveproxy	proxy
CellProxy	cellproxy	proxy
CenterProxy	centerproxy	proxy
ChainProxy	chainproxy	proxy
ChampProxy	champproxy	proxy
ChargeProxy	chargeproxy	proxy
ChartProxy	chartproxy	proxy
ChaseProxy	chaseproxy	proxy
CheckProxy	checkproxy	proxy
ChiefProxy	chiefproxy	proxy
ChoiceProxy	choiceproxy	proxy
CircleProxy	circleproxy	proxy
CityProxy	cityproxy	proxy
ClaimProxy	claimproxy	proxy
ClapProxy	clapproxy	proxy
ClarkProxy	clarkproxy	proxy
ClassProxy	classproxy	proxy
CleanProxy	cleanproxy	proxy
ClearProxy	clearproxy	proxy
CleverProxy	cleverproxy	proxy
ClickProxy	clickproxy	proxy
CliffProxy	cliffproxy	proxy
ClimbProxy	climbproxy	proxy
ClipProxy	clipproxy	proxy
ClockProxy	clockproxy	proxy
CloneProxy	cloneproxy	proxy
CloseProxy	closeproxy	proxy
ClubProxy	clubproxy	proxy
ClueProxy	clueproxy	proxy
CoastProxy	coastproxy	proxy
CodeProxy	codeproxy	proxy
CoinProxy	coinproxy	proxy
ColdProxy	coldproxy	proxy
ColorProxy	colorproxy	proxy
CometProxy	cometproxy	proxy
ComfortProxy	comfortproxy	proxy
CommandProxy	commandproxy	proxy
CommonProxy	commonproxy	proxy
CompactProxy	compactproxy	proxy
CompleteProxy	completeproxy	proxy
ConnectProxy	connectproxy	proxy
ConstantProxy	constantproxy	proxy
ContentProxy	contentproxy	proxy
ControlProxy	controlproxy	proxy
ConvertProxy	convertproxy	proxy
CoolProxy	coolproxy	proxy
CopyProxy	copyproxy	proxy
CoreProxy	coreproxy	proxy
CornerProxy	cornerproxy	proxy
CosmicProxy	cosmicproxy	proxy
CountProxy	countproxy	proxy
CoverProxy	coverproxy	proxy
CraftProxy	craftproxy	proxy
CrashProxy	crashproxy	proxy
CrateProxy	crateproxy	proxy
CrazeProxy	crazeproxy	proxy
CreamProxy	creamproxy	proxy
CreateProxy	createproxy	proxy
CreekProxy	creekproxy	proxy
CrestProxy	crestproxy	proxy
CrispProxy	crispproxy	proxy
CrossProxy	crossproxy	proxy
CrownProxy	crownproxy	proxy
CrushProxy	crushproxy	proxy
CubeProxy	cubeproxy	proxy
CurlProxy	curlproxy	proxy
CurveProxy	curveproxy	proxy
CutProxy	cutproxy	proxy
CycleProxy	cycleproxy	proxy
DailyProxy	dailyproxy	proxy
DanceProxy	danceproxy	proxy
DarkProxy	darkproxy	proxy
DartProxy	dartproxy	proxy
DashProxy	dashproxy	proxy
DataProxy	dataproxy	proxy
DawnProxy	dawnproxy	proxy
DealProxy	dealproxy	proxy
DeepProxy	deepproxy	proxy
DeltaProxy	deltaproxy	proxy
DenseProxy	denseproxy	proxy
DepthProxy	depthproxy	proxy
DesignProxy	designproxy	proxy
DevProxy	devproxy	proxy
DiamondProxy	diamondproxy	proxy
DiceProxy	diceproxy	proxy
DigitalProxy	digitalproxy	proxy
DirectProxy	directproxy	proxy
DiskProxy	diskproxy	proxy
DiveProxy	diveproxy	proxy
DockProxy	dockproxy	proxy
DomeProxy	domeproxy	proxy
DoorProxy	doorproxy	proxy
DotProxy	dotproxy	proxy
DoubleProxy	doubleproxy	proxy
DoveProxy	doveproxy	proxy
DownProxy	downproxy	proxy
DraftProxy	draftproxy	proxy
DragonProxy	dragonproxy	proxy
DrainProxy	drainproxy	proxy
DrakeProxy	drakeproxy	proxy
DrawProxy	drawproxy	proxy
DreamProxy	dreamproxy	proxy
DrillProxy	drillproxy	proxy
DriveProxy	driveproxy	proxy
DropProxy	dropproxy	proxy
DrumProxy	drumproxy	proxy
DryProxy	dryproxy	proxy
DualProxy	dualproxy	proxy
DuckProxy	duckproxy	proxy
DuneProxy	duneproxy	proxy
DuskProxy	duskproxy	proxy
DustProxy	dustproxy	proxy
DynamicProxy	dynamicproxy	proxy
EagleProxy	eagleproxy	proxy
EarlyProxy	earlyproxy	proxy
EarthProxy	earthproxy	proxy
EaseProxy	easeproxy	proxy
EastProxy	eastproxy	proxy
EasyProxy	easyproxy	proxy
EchoProxy	echoproxy	proxy
EdgeProxy	edgeproxy	proxy
ElectricProxy	electricproxy	proxy
EliteProxy	eliteproxy	proxy
EmberProxy	emberproxy	proxy
EmeraldProxy	emeraldproxy	proxy
EmptyProxy	emptyproxy	proxy
EndProxy	endproxy	proxy
EnergyProxy	energyproxy	proxy
EngineProxy	engineproxy	proxy
EnterProxy	enterproxy	proxy
EntryProxy	entryproxy	proxy
EpicProxy	epicproxy	proxy
EqualProxy	equalproxy	proxy
ErrorProxy	errorproxy	proxy
EssenceProxy	essenceproxy	proxy
EternalProxy	eternalproxy	proxy
EuroProxy	europroxy	proxy
EvenProxy	evenproxy	proxy
EventProxy	eventproxy	proxy
EverProxy	everproxy	proxy
ExactProxy	exactproxy	proxy
ExitProxy	exitproxy	proxy
ExpertProxy	expertproxy	proxy
ExpressProxy	expressproxy	proxy
ExtraProxy	extraproxy	proxy
ExtremeProxy	extremeproxy	proxy
EyeProxy	eyeproxy	proxy
FaceProxy	faceproxy	proxy
FactProxy	factproxy	proxy
FairProxy	fairproxy	proxy
FalconProxy	falconproxy	proxy
FallProxy	fallproxy	proxy
FameProxy	fameproxy	proxy
FanProxy	fanproxy	proxy
FancyProxy	fancyproxy	proxy
FarProxy	farproxy	proxy
FarmProxy	farmproxy	proxy
FastProxy	fastproxy	proxy
FateProxy	fateproxy	proxy
FavorProxy	favorproxy	proxy
FearProxy	fearproxy	proxy
FeatherProxy	featherproxy	proxy
FeedProxy	feedproxy	proxy
FieldProxy	fieldproxy	proxy
FierceProxy	fierceproxy	proxy
FileProxy	fileproxy	proxy
FillProxy	fillproxy	proxy
FilterProxy	filterproxy	proxy
FinalProxy	finalproxy	proxy
FindProxy	findproxy	proxy
FineProxy	fineproxy	proxy
FireProxy	fireproxy	proxy
FirstProxy	firstproxy	proxy
FishProxy	fishproxy	proxy
FitProxy	fitproxy	proxy
FixProxy	fixproxy	proxy
FlagProxy	flagproxy	proxy
FlameProxy	flameproxy	proxy
FlareProxy	flareproxy	proxy
FlashProxy	flashproxy	proxy
FlatProxy	flatproxy	proxy
FleetProxy	fleetproxy	proxy
FlexProxy	flexproxy	proxy
FlickProxy	flickproxy	proxy
FlightProxy	flightproxy	proxy
FlipProxy	flipproxy	proxy
FloatProxy	floatproxy	proxy
FlockProxy	flockproxy	proxy
FloodProxy	floodproxy	proxy
FloorProxy	floorproxy	proxy
FlowProxy	flowproxy	proxy
FluffProxy	fluffproxy	proxy
FluidProxy	fluidproxy	proxy
FlyProxy	flyproxy	proxy
FoamProxy	foamproxy	proxy
FocusProxy	focusproxy	proxy
FogProxy	fogproxy	proxy
FoldProxy	foldproxy	proxy
FollowProxy	followproxy	proxy
FontProxy	fontproxy	proxy
FoodProxy	foodproxy	proxy
FootProxy	footproxy	proxy
ForceProxy	forceproxy	proxy
FordProxy	fordproxy	proxy
ForestProxy	forestproxy	proxy
ForgeProxy	forgeproxy	proxy
FormProxy	formproxy	proxy
FortProxy	fortproxy	proxy
FortuneProxy	fortuneproxy	proxy
ForumProxy	forumproxy	proxy
FossProxy	fossproxy	proxy
FountainProxy	fountainproxy	proxy
FoxProxy	foxproxy	proxy
FrameProxy	frameproxy	proxy
FrankProxy	frankproxy	proxy
FreedomProxy	freedomproxy	proxy
FreshProxy	freshproxy	proxy
FridayProxy	fridayproxy	proxy
FriendProxy	friendproxy	proxy
FrontProxy	frontproxy	proxy
FrostProxy	frostproxy	proxy
FruitProxy	fruitproxy	proxy
FuelProxy	fuelproxy	proxy
FullProxy	fullproxy	proxy
FunProxy	funproxy	proxy
FundProxy	fundproxy	proxy
FuryProxy	furyproxy	proxy
FuseProxy	fuseproxy	proxy
FusionProxy	fusionproxy	proxy
FutureProxy	futureproxy	proxy
FuzzyProxy	fuzzyproxy	proxy
GainProxy	gainproxy	proxy
GalaxyProxy	galaxyproxy	proxy
GameProxy	gameproxy	proxy
GapProxy	gapproxy	proxy
GardenProxy	gardenproxy	proxy
GateProxy	gateproxy	proxy
GatherProxy	gatherproxy	proxy
GearProxy	gearproxy	proxy
GemProxy	gemproxy	proxy
GeneralProxy	generalproxy	proxy
GentleProxy	gentleproxy	proxy
GhostProxy	ghostproxy	proxy
GiantProxy	giantproxy	proxy
GiftProxy	giftproxy	proxy
GlassProxy	glassproxy	proxy
GlideProxy	glideproxy	proxy
GlintProxy	glintproxy	proxy
GlobeProxy	globeproxy	proxy
GloomProxy	gloomproxy	proxy
GloryProxy	gloryproxy	proxy
GlowProxy	glowproxy	proxy
GoalProxy	goalproxy	proxy
GoldProxy	goldproxy	proxy
GolfProxy	golfproxy	proxy
GoodProxy	goodproxy	proxy
GorgeProxy	gorgeproxy	proxy
GraceProxy	graceproxy	proxy
GradeProxy	gradeproxy	proxy
GrainProxy	grainproxy	proxy
GrandProxy	grandproxy	proxy
GrapeProxy	grapeproxy	proxy
GraphProxy	graphproxy	proxy
GraspProxy	graspproxy	proxy
GrassProxy	grassproxy	proxy
GraveProxy	graveproxy	proxy
GrayProxy	grayproxy	proxy
GreatProxy	greatproxy	proxy
GreenProxy	greenproxy	proxy
GreyProxy	greyproxy	proxy
GridProxy	gridproxy	proxy
GrillProxy	grillproxy	proxy
GripProxy	gripproxy	proxy
GrooveProxy	grooveproxy	proxy
GroundProxy	groundproxy	proxy
GroupProxy	groupproxy	proxy
GroveProxy	groveproxy	proxy
GrowProxy	growproxy	proxy
GrowthProxy	growthproxy	proxy
GuardProxy	guardproxy	proxy
GuessProxy	guessproxy	proxy
GuideProxy	guideproxy	proxy
GuildProxy	guildproxy	proxy
GulfProxy	gulfproxy	proxy
GustProxy	gustproxy	proxy
HabitProxy	habitproxy	proxy
HackProxy	hackproxy	proxy
HailProxy	hailproxy	proxy
HairProxy	hairproxy	proxy
HalfProxy	halfproxy	proxy
HallProxy	hallproxy	proxy
HaloProxy	haloproxy	proxy
HammerProxy	hammerproxy	proxy
HandProxy	handproxy	proxy
HandleProxy	handleproxy	proxy
HangProxy	hangproxy	proxy
HappyProxy	happyproxy	proxy
HarborProxy	harborproxy	proxy
HardProxy	hardproxy	proxy
HarmonyProxy	harmonyproxy	proxy
HarpProxy	harpproxy	proxy
HarvestProxy	harvestproxy	proxy
HashProxy	hashproxy	proxy
HasteProxy	hasteproxy	proxy
HatProxy	hatproxy	proxy
HatchProxy	hatchproxy	proxy
HavenProxy	havenproxy	proxy
HawkProxy	hawkproxy	proxy
HazeProxy	hazeproxy	proxy
HeadProxy	headproxy	proxy
HealProxy	healproxy	proxy
HeartProxy	heartproxy	proxy
HeatProxy	heatproxy	proxy
HeavyProxy	heavyproxy	proxy
HeightProxy	heightproxy	proxy
HelpProxy	helpproxy	proxy
HempProxy	hempproxy	proxy
HeroProxy	heroproxy	proxy
HideProxy	hideproxy	proxy
HighProxy	highproxy	proxy
HikeProxy	hikeproxy	proxy
HillProxy	hillproxy	proxy
HintProxy	hintproxy	proxy
HireProxy	hireproxy	proxy
HitProxy	hitproxy	proxy
HiveProxy	hiveproxy	proxy
HoistProxy	hoistproxy	proxy
HoldProxy	holdproxy	proxy
HoleProxy	holeproxy	proxy
HomeProxy	homeproxy	proxy
HoneyProxy	honeyproxy	proxy
HonorProxy	honorproxy	proxy
HoodProxy	hoodproxy	proxy
HookProxy	hookproxy	proxy
HopeProxy	hopeproxy	proxy
HorizonProxy	horizonproxy	proxy
HornProxy	hornproxy	proxy
HorseProxy	horseproxy	proxy
HostProxy	hostproxy	proxy
HotProxy	hotproxy	proxy
HourProxy	hourproxy	proxy
HouseProxy	houseproxy	proxy
HoverProxy	hoverproxy	proxy
HubProxy	hubproxy	proxy
HueProxy	hueproxy	proxy
HugeProxy	hugeproxy	proxy
HullProxy	hullproxy	proxy
HuntProxy	huntproxy	proxy
HurdleProxy	hurdleproxy	proxy
HurryProxy	hurryproxy	proxy
HuskProxy	huskproxy	proxy
HyperProxy	hyperproxy	proxy
IceProxy	iceproxy	proxy
IconProxy	iconproxy	proxy
IdeaProxy	ideaproxy	proxy
IdealProxy	idealproxy	proxy
ImageProxy	imageproxy	proxy
ImpactProxy	impactproxy	proxy
ImportProxy	importproxy	proxy
InboxProxy	inboxproxy	proxy
IndexProxy	indexproxy	proxy
InfiniteProxy	infiniteproxy	proxy
InfoProxy	infoproxy	proxy
InkProxy	inkproxy	proxy
InnerProxy	innerproxy	proxy
InputProxy	inputproxy	proxy
InsideProxy	insideproxy	proxy
InstantProxy	instantproxy	proxy
IntelProxy	intelproxy	proxy
InterProxy	interproxy	proxy
InvisProxy	invisproxy	proxy
IrisProxy	irisproxy	proxy
IronProxy	ironproxy	proxy
IslandProxy	islandproxy	proxy
IssueProxy	issueproxy	proxy
ItemProxy	itemproxy	proxy
IvoryProxy	ivoryproxy	proxy
JackProxy	jackproxy	proxy
JadeProxy	jadeproxy	proxy
JamProxy	jamproxy	proxy
JarProxy	jarproxy	proxy
JawProxy	jawproxy	proxy
JazzProxy	jazzproxy	proxy
JetProxy	jetproxy	proxy
JewelProxy	jewelproxy	proxy
JobProxy	jobproxy	proxy
JoinProxy	joinproxy	proxy
JointProxy	jointproxy	proxy
JokeProxy	jokeproxy	proxy
JoltProxy	joltproxy	proxy
JourneyProxy	journeyproxy	proxy
JoyProxy	joyproxy	proxy
JudgeProxy	judgeproxy	proxy
JuiceProxy	juiceproxy	proxy
JumpProxy	jumpproxy	proxy
JungleProxy	jungleproxy	proxy
JuniorProxy	juniorproxy	proxy
JustProxy	justproxy	proxy
KeenProxy	keenproxy	proxy
KeepProxy	keepproxy	proxy
KernelProxy	kernelproxy	proxy
KeyProxy	keyproxy	proxy
KickProxy	kickproxy	proxy
KidProxy	kidproxy	proxy
KillProxy	killproxy	proxy
KindProxy	kindproxy	proxy
KingProxy	kingproxy	proxy
KissProxy	kissproxy	proxy
KitProxy	kitproxy	proxy
KiteProxy	kiteproxy	proxy
KneeProxy	kneeproxy	proxy
KnifeProxy	knifeproxy	proxy
KnightProxy	knightproxy	proxy
KnobProxy	knobproxy	proxy
KnotProxy	knotproxy	proxy
KnowProxy	knowproxy	proxy
LabelProxy	labelproxy	proxy
LaceProxy	laceproxy	proxy
LadderProxy	ladderproxy	proxy
LakeProxy	lakeproxy	proxy
LampProxy	lampproxy	proxy
LandProxy	landproxy	proxy
LaneProxy	laneproxy	proxy
LargeProxy	largeproxy	proxy
LaserProxy	laserproxy	proxy
LastProxy	lastproxy	proxy
LateProxy	lateproxy	proxy
LaunchProxy	launchproxy	proxy
LayerProxy	layerproxy	proxy
LeadProxy	leadproxy	proxy
LeafProxy	leafproxy	proxy
LeagueProxy	leagueproxy	proxy
LeakProxy	leakproxy	proxy
LeapProxy	leapproxy	proxy
LearnProxy	learnproxy	proxy
LegacyProxy	legacyproxy	proxy
LegalProxy	legalproxy	proxy
LegendProxy	legendproxy	proxy
LemonProxy	lemonproxy	proxy
LendProxy	lendproxy	proxy
LengthProxy	lengthproxy	proxy
LensProxy	lensproxy	proxy
LevelProxy	levelproxy	proxy
LeverProxy	leverproxy	proxy
LibraryProxy	libraryproxy	proxy
LiftProxy	liftproxy	proxy
LightProxy	lightproxy	proxy
LikeProxy	likeproxy	proxy
LimbProxy	limbproxy	proxy
LimitProxy	limitproxy	proxy
LineProxy	lineproxy	proxy
LinkProxy	linkproxy	proxy
LionProxy	lionproxy	proxy
ListProxy	listproxy	proxy
LiteProxy	liteproxy	proxy
LiveProxy	liveproxy	proxy
LoadProxy	loadproxy	proxy
LoanProxy	loanproxy	proxy
LocalProxy	localproxy	proxy
LockProxy	lockproxy	proxy
LogProxy	logproxy	proxy
LogicProxy	logicproxy	proxy
LoneProxy	loneproxy	proxy
LongProxy	longproxy	proxy
LookProxy	lookproxy	proxy
LoopProxy	loopproxy	proxy
LordProxy	lordproxy	proxy
LostProxy	lostproxy	proxy
LotProxy	lotproxy	proxy
LoudProxy	loudproxy	proxy
LoveProxy	loveproxy	proxy
LowProxy	lowproxy	proxy
LoyalProxy	loyalproxy	proxy
LuckProxy	luckproxy	proxy
LunarProxy	lunarproxy	proxy
LunchProxy	lunchproxy	proxy
LuxuryProxy	luxuryproxy	proxy
MachineProxy	machineproxy	proxy
MagicProxy	magicproxy	proxy
MagnetProxy	magnetproxy	proxy
MainProxy	mainproxy	proxy
MajorProxy	majorproxy	proxy
MakeProxy	makeproxy	proxy
MallProxy	mallproxy	proxy
ManProxy	manproxy	proxy
ManageProxy	manageproxy	proxy
MangoProxy	mangoproxy	proxy
MapProxy	mapproxy	proxy
MarbleProxy	marbleproxy	proxy
MarchProxy	marchproxy	proxy
MarkProxy	markproxy	proxy
MarketProxy	marketproxy	proxy
MarsProxy	marsproxy	proxy
MaskProxy	maskproxy	proxy
MassProxy	massproxy	proxy
MasterProxy	masterproxy	proxy
MatchProxy	matchproxy	proxy
MateProxy	mateproxy	proxy
MatterProxy	matterproxy	proxy
MaxProxy	maxproxy	proxy
MayProxy	mayproxy	proxy
MeadowProxy	meadowproxy	proxy
MealProxy	mealproxy	proxy
MeanProxy	meanproxy	proxy
MeatProxy	meatproxy	proxy
MediaProxy	mediaproxy	proxy
MeetProxy	meetproxy	proxy
MegaProxy	megaproxy	proxy
MeltProxy	meltproxy	proxy
MemberProxy	memberproxy	proxy
MemoProxy	memoproxy	proxy
MemoryProxy	memoryproxy	proxy
MendProxy	mendproxy	proxy
MentorProxy	mentorproxy	proxy
MenuProxy	menuproxy	proxy
MergeProxy	mergeproxy	proxy
MeritProxy	meritproxy	proxy
MeshProxy	meshproxy	proxy
MessageProxy	messageproxy	proxy
MetalProxy	metalproxy	proxy
MeterProxy	meterproxy	proxy
MethodProxy	methodproxy	proxy
MetroProxy	metroproxy	proxy
MicroProxy	microproxy	proxy
MidProxy	midproxy	proxy
MightProxy	mightproxy	proxy
MileProxy	mileproxy	proxy
MilkProxy	milkproxy	proxy
MillProxy	millproxy	proxy
MindProxy	mindproxy	proxy
MineProxy	mineproxy	proxy
MiniProxy	miniproxy	proxy
MinorProxy	minorproxy	proxy
MintProxy	mintproxy	proxy
MinuteProxy	minuteproxy	proxy
MirrorProxy	mirrorproxy	proxy
MissProxy	missproxy	proxy
MistProxy	mistproxy	proxy
MixProxy	mixproxy	proxy
ModelProxy	modelproxy	proxy
ModernProxy	modernproxy	proxy
MomentProxy	momentproxy	proxy
MoneyProxy	moneyproxy	proxy
MonkeyProxy	monkeyproxy	proxy
MonsterProxy	monsterproxy	proxy
MoonProxy	moonproxy	proxy
MorningProxy	morningproxy	proxy
MossProxy	mossproxy	proxy
MotionProxy	motionproxy	proxy
MotorProxy	motorproxy	proxy
MountProxy	mountproxy	proxy
MountainProxy	mountainproxy	proxy
MouseProxy	mouseproxy	proxy
MouthProxy	mouthproxy	proxy
MoveProxy	moveproxy	proxy
MovieProxy	movieproxy	proxy
MudProxy	mudproxy	proxy
MultiProxy	multiproxy	proxy
MusicProxy	musicproxy	proxy
MustProxy	mustproxy	proxy
MyProxy	myproxy	proxy
NailProxy	nailproxy	proxy
NameProxy	nameproxy	proxy
NapProxy	napproxy	proxy
NarrowProxy	narrowproxy	proxy
NationProxy	nationproxy	proxy
NativeProxy	nativeproxy	proxy
NatureProxy	natureproxy	proxy
NavyProxy	navyproxy	proxy
NearProxy	nearproxy	proxy
NeatProxy	neatproxy	proxy
NeckProxy	neckproxy	proxy
NeedProxy	needproxy	proxy
NeonProxy	neonproxy	proxy
NerdProxy	nerdproxy	proxy
NestProxy	nestproxy	proxy
NetProxy	netproxy	proxy
NetworkProxy	networkproxy	proxy
NeutralProxy	neutralproxy	proxy
NeverProxy	neverproxy	proxy
NewProxy	newproxy	proxy
NewsProxy	newsproxy	proxy
NextProxy	nextproxy	proxy
NiceProxy	niceproxy	proxy
NightProxy	nightproxy	proxy
NimbleProxy	nimbleproxy	proxy
NineProxy	nineproxy	proxy
NinjaProxy	ninjaproxy	proxy
NobleProxy	nobleproxy	proxy
NodeProxy	nodeproxy	proxy
NoiseProxy	noiseproxy	proxy
NoonProxy	noonproxy	proxy
NormalProxy	normalproxy	proxy
NorthProxy	northproxy	proxy
NoseProxy	noseproxy	proxy
NoteProxy	noteproxy	proxy
NotifyProxy	notifyproxy	proxy
NovaProxy	novaproxy	proxy
NowProxy	nowproxy	proxy
NukeProxy	nukeproxy	proxy
NumberProxy	numberproxy	proxy
NurseProxy	nurseproxy	proxy
NutProxy	nutproxy	proxy
OakProxy	oakproxy	proxy
ObjectProxy	objectproxy	proxy
OceanProxy	oceanproxy	proxy
OddProxy	oddproxy	proxy
OfferProxy	offerproxy	proxy
OfficeProxy	officeproxy	proxy
OilProxy	oilproxy	proxy
OldProxy	oldproxy	proxy
OliveProxy	oliveproxy	proxy
OmegaProxy	omegaproxy	proxy
OneProxy	oneproxy	proxy
OnlineProxy	onlineproxy	proxy
OnlyProxy	onlyproxy	proxy
OpenProxy	openproxy	proxy
OperaProxy	operaproxy	proxy
OptimalProxy	optimalproxy	proxy
OptionProxy	optionproxy	proxy
OrangeProxy	orangeproxy	proxy
OrbitProxy	orbitproxy	proxy
OrderProxy	orderproxy	proxy
OriginProxy	originproxy	proxy
OtherProxy	otherproxy	proxy
OuterProxy	outerproxy	proxy
OutlineProxy	outlineproxy	proxy
OutputProxy	outputproxy	proxy
OverProxy	overproxy	proxy
OwnProxy	ownproxy	proxy
OwlProxy	owlproxy	proxy
OxygenProxy	oxygenproxy	proxy
PaceProxy	paceproxy	proxy
PackProxy	packproxy	proxy
PacketProxy	packetproxy	proxy
PadProxy	padproxy	proxy
PageProxy	pageproxy	proxy
PaintProxy	paintproxy	proxy
PairProxy	pairproxy	proxy
PalaceProxy	palaceproxy	proxy
PalmProxy	palmproxy	proxy
PanProxy	panproxy	proxy
PandaProxy	pandaproxy	proxy
PanelProxy	panelproxy	proxy
PaperProxy	paperproxy	proxy
ParadeProxy	paradeproxy	proxy
ParkProxy	parkproxy	proxy
PartProxy	partproxy	proxy
PartyProxy	partyproxy	proxy
PassProxy	passproxy	proxy
PastProxy	pastproxy	proxy
PatchProxy	patchproxy	proxy
PathProxy	pathproxy	proxy
PatternProxy	patternproxy	proxy
PauseProxy	pauseproxy	proxy
PayProxy	payproxy	proxy
PeaceProxy	peaceproxy	proxy
PeakProxy	peakproxy	proxy
PearlProxy	pearlproxy	proxy
PenProxy	penproxy	proxy
PerfectProxy	perfectproxy	proxy
PermProxy	permproxy	proxy
PermaProxy	permaproxy	proxy
PhantomProxy	phantomproxy	proxy
PhaseProxy	phaseproxy	proxy
PhoneProxy	phoneproxy	proxy
PhotoProxy	photoproxy	proxy
PickProxy	pickproxy	proxy
PieceProxy	pieceproxy	proxy
PierProxy	pierproxy	proxy
PigProxy	pigproxy	proxy
PilotProxy	pilotproxy	proxy
PinProxy	pinproxy	proxy
PineProxy	pineproxy	proxy
PinkProxy	pinkproxy	proxy
PipeProxy	pipeproxy	proxy
PitProxy	pitproxy	proxy
PitchProxy	pitchproxy	proxy
PixelProxy	pixelproxy	proxy
PlaceProxy	placeproxy	proxy
PlainProxy	plainproxy	proxy
PlanProxy	planproxy	proxy
PlaneProxy	planeproxy	proxy
PlanetProxy	planetproxy	proxy
PlankProxy	plankproxy	proxy
PlantProxy	plantproxy	proxy
PlasmaProxy	plasmaproxy	proxy
PlateProxy	plateproxy	proxy
PlayProxy	playproxy	proxy
PlazaProxy	plazaproxy	proxy
PledgeProxy	pledgeproxy	proxy
PlentyProxy	plentyproxy	proxy
PlotProxy	plotproxy	proxy
PlowProxy	plowproxy	proxy
PlugProxy	plugproxy	proxy
PlumProxy	plumproxy	proxy
PlusProxy	plusproxy	proxy
PocketProxy	pocketproxy	proxy
PodProxy	podproxy	proxy
PoemProxy	poemproxy	proxy
PointProxy	pointproxy	proxy
PokeProxy	pokeproxy	proxy
PolarProxy	polarproxy	proxy
PoleProxy	poleproxy	proxy
PoliceProxy	policeproxy	proxy
PolicyProxy	policyproxy	proxy
PolishProxy	polishproxy	proxy
PollProxy	pollproxy	proxy
PondProxy	pondproxy	proxy
PoolProxy	poolproxy	proxy
PopProxy	popproxy	proxy
PortProxy	portproxy	proxy
PortalProxy	portalproxy	proxy
PoseProxy	poseproxy	proxy
PostProxy	postproxy	proxy
PotProxy	potproxy	proxy
PoundProxy	poundproxy	proxy
PourProxy	pourproxy	proxy
PowerProxy	powerproxy	proxy
PriceProxy	priceproxy	proxy
PrideProxy	prideproxy	proxy
PrimeProxy	primeproxy	proxy
PrintProxy	printproxy	proxy
PriorProxy	priorproxy	proxy
PrismProxy	prismproxy	proxy
PrizeProxy	prizeproxy	proxy
ProProxy	proporxy	proxy
ProbeProxy	probeproxy	proxy
ProcessProxy	processproxy	proxy
ProductProxy	productproxy	proxy
ProfileProxy	profileproxy	proxy
ProfitProxy	profitproxy	proxy
ProgramProxy	programproxy	proxy
ProjectProxy	projectproxy	proxy
ProofProxy	proofproxy	proxy
ProperProxy	properproxy	proxy
ProtectProxy	protectproxy	proxy
ProudProxy	proudproxy	proxy
ProveProxy	proveproxy	proxy
PublicProxy	publicproxy	proxy
PullProxy	pullproxy	proxy
PulseProxy	pulseproxy	proxy
PumpProxy	pumpproxy	proxy
PunchProxy	punchproxy	proxy
PureProxy	pureproxy	proxy
PurpleProxy	purpleproxy	proxy
PushProxy	pushproxy	proxy
PutProxy	putproxy	proxy
PuzzleProxy	puzzleproxy	proxy
QuantumProxy	quantumproxy	proxy
QuartzProxy	quartzproxy	proxy
QueenProxy	queenproxy	proxy
QueryProxy	queryproxy	proxy
QuestProxy	questproxy	proxy
QuickProxy	quickproxy	proxy
QuietProxy	quietproxy	proxy
QuiltProxy	quiltproxy	proxy
QuoteProxy	quoteproxy	proxy
RaceProxy	raceproxy	proxy
RackProxy	rackproxy	proxy
RadarProxy	radarproxy	proxy
RadiantProxy	radiantproxy	proxy
RadioProxy	radioproxy	proxy
RaidProxy	raidproxy	proxy
RailProxy	railproxy	proxy
RainProxy	rainproxy	proxy
RaiseProxy	raiseproxy	proxy
RampProxy	rampproxy	proxy
RangeProxy	rangeproxy	proxy
RankProxy	rankproxy	proxy
RapidProxy	rapidproxy	proxy
RareProxy	rareproxy	proxy
RateProxy	rateproxy	proxy
RatioProxy	ratioproxy	proxy
RawProxy	rawproxy	proxy
RayProxy	rayproxy	proxy
RazorProxy	razorproxy	proxy
ReachProxy	reachproxy	proxy
ReadProxy	readproxy	proxy
ReadyProxy	readyproxy	proxy
RealProxy	realproxy	proxy
RealmProxy	realmproxy	proxy
RebelProxy	rebelproxy	proxy
RecordProxy	recordproxy	proxy
RedProxy	redproxy	proxy
ReefProxy	reefproxy	proxy
ReflectProxy	reflectproxy	proxy
RefreshProxy	refreshproxy	proxy
RegionProxy	regionproxy	proxy
ReliableProxy	reliableproxy	proxy
RemoteProxy	remoteproxy	proxy
RenderProxy	renderproxy	proxy
ReplyProxy	replyproxy	proxy
ReportProxy	reportproxy	proxy
RequestProxy	requestproxy	proxy
ResetProxy	resetproxy	proxy
ResolveProxy	resolveproxy	proxy
ResourceProxy	resourceproxy	proxy
RestProxy	restproxy	proxy
ResultProxy	resultproxy	proxy
ReturnProxy	returnproxy	proxy
RevealProxy	revealproxy	proxy
ReviewProxy	reviewproxy	proxy
RewardProxy	rewardproxy	proxy
RhythmProxy	rhythmproxy	proxy
RibbonProxy	ribbonproxy	proxy
RiceProxy	riceproxy	proxy
RichProxy	richproxy	proxy
RideProxy	rideproxy	proxy
RidgeProxy	ridgeproxy	proxy
RightProxy	rightproxy	proxy
RingProxy	ringproxy	proxy
RiotProxy	riotproxy	proxy
RiseProxy	riseproxy	proxy
RiskProxy	riskproxy	proxy
RiverProxy	riverproxy	proxy
RoadProxy	roadproxy	proxy
RoarProxy	roarproxy	proxy
RobotProxy	robotproxy	proxy
RockProxy	rockproxy	proxy
RocketProxy	rocketproxy	proxy
RodProxy	rodproxy	proxy
RoleProxy	roleproxy	proxy
RollProxy	rollproxy	proxy
RoofProxy	roofproxy	proxy
RoomProxy	roomproxy	proxy
RootProxy	rootproxy	proxy
RopeProxy	ropeproxy	proxy
RoseProxy	roseproxy	proxy
RotateProxy	rotateproxy	proxy
RoughProxy	roughproxy	proxy
RoundProxy	roundproxy	proxy
RouteProxy	routeproxy	proxy
RowProxy	rowproxy	proxy
RoyalProxy	royalproxy	proxy
RubyProxy	rubyproxy	proxy
RudeProxy	rudeproxy	proxy
RuleProxy	ruleproxy	proxy
RunProxy	runproxy	proxy
RuralProxy	ruralproxy	proxy
RushProxy	rushproxy	proxy
RustProxy	rustproxy	proxy
SageProxy	sageproxy	proxy
SailProxy	sailproxy	proxy
SaintProxy	saintproxy	proxy
SaltProxy	saltproxy	proxy
SameProxy	sameproxy	proxy
SampleProxy	sampleproxy	proxy
SandProxy	sandproxy	proxy
SaveProxy	saveproxy	proxy
ScaleProxy	scaleproxy	proxy
ScanProxy	scanproxy	proxy
SceneProxy	sceneproxy	proxy
SchoolProxy	schoolproxy	proxy
ScienceProxy	scienceproxy	proxy
ScoreProxy	scoreproxy	proxy
ScoutProxy	scoutproxy	proxy
ScreenProxy	screenproxy	proxy
ScriptProxy	scriptproxy	proxy
ScrollProxy	scrollproxy	proxy
SeaProxy	seaproxy	proxy
SealProxy	sealproxy	proxy
SearchProxy	searchproxy	proxy
SeasonProxy	seasonproxy	proxy
SeatProxy	seatproxy	proxy
SecondProxy	secondproxy	proxy
SectionProxy	sectionproxy	proxy
SecureProxy	secureproxy	proxy
SeedProxy	seedproxy	proxy
SeekProxy	seekproxy	proxy
SelectProxy	selectproxy	proxy
SelfProxy	selfproxy	proxy
SellProxy	sellproxy	proxy
SendProxy	sendproxy	proxy
SenseProxy	senseproxy	proxy
SeriesProxy	seriesproxy	proxy
ServeProxy	serveproxy	proxy
ServerProxy	serverproxy	proxy
ServiceProxy	serviceproxy	proxy
SessionProxy	sessionproxy	proxy
SetProxy	setproxy	proxy
SevenProxy	sevenproxy	proxy
ShadeProxy	shadeproxy	proxy
ShadowProxy	shadowproxy	proxy
ShakeProxy	shakeproxy	proxy
ShapeProxy	shapeproxy	proxy
ShareProxy	shareproxy	proxy
SharkProxy	sharkproxy	proxy
SharpProxy	sharpproxy	proxy
SheetProxy	sheetproxy	proxy
ShelfProxy	shelfproxy	proxy
ShellProxy	shellproxy	proxy
ShieldProxy	shieldproxy	proxy
ShiftProxy	shiftproxy	proxy
ShineProxy	shineproxy	proxy
ShipProxy	shipproxy	proxy
ShirtProxy	shirtproxy	proxy
ShockProxy	shockproxy	proxy
ShoeProxy	shoeproxy	proxy
ShootProxy	shootproxy	proxy
ShopProxy	shopproxy	proxy
ShoreProxy	shoreproxy	proxy
ShortProxy	shortproxy	proxy
ShotProxy	shotproxy	proxy
ShowProxy	showproxy	proxy
SideProxy	sideproxy	proxy
SightProxy	sightproxy	proxy
SignProxy	signproxy	proxy
SignalProxy	signalproxy	proxy
SilentProxy	silentproxy	proxy
SilkProxy	silkproxy	proxy
SilverProxy	silverproxy	proxy
SimpleProxy	simpleproxy	proxy
SinceProxy	sinceproxy	proxy
SingleProxy	singleproxy	proxy
SinkProxy	sinkproxy	proxy
SiteProxy	siteproxy	proxy
SixProxy	sixproxy	proxy
SizeProxy	sizeproxy	proxy
SkateProxy	skateproxy	proxy
SkillProxy	skillproxy	proxy
SkinProxy	skinproxy	proxy
SkipProxy	skipproxy	proxy
SkyProxy	skyproxy	proxy
SlabProxy	slabproxy	proxy
SlamProxy	slamproxy	proxy
SlateProxy	slateproxy	proxy
SliceProxy	sliceproxy	proxy
SlideProxy	slideproxy	proxy
SlimProxy	slimproxy	proxy
SlipProxy	slipproxy	proxy
SlotProxy	slotproxy	proxy
SlowProxy	slowproxy	proxy
SmallProxy	smallproxy	proxy
SmashProxy	smashproxy	proxy
SmileProxy	smileproxy	proxy
SmokeProxy	smokeproxy	proxy
SmoothProxy	smoothproxy	proxy
SnapProxy	snapproxy	proxy
SnowProxy	snowproxy	proxy
SoakProxy	soakproxy	proxy
SoapProxy	soapproxy	proxy
SocialProxy	socialproxy	proxy
SocketProxy	socketproxy	proxy
SodaProxy	sodaproxy	proxy
SoftProxy	softproxy	proxy
SoilProxy	soilproxy	proxy
SolarProxy	solarproxy	proxy
SolidProxy	solidproxy	proxy
SoloProxy	soloproxy	proxy
SolveProxy	solveproxy	proxy
SongProxy	songproxy	proxy
SonicProxy	sonicproxy	proxy
SoonProxy	soonproxy	proxy
SortProxy	sortproxy	proxy
SoulProxy	soulproxy	proxy
SoundProxy	soundproxy	proxy
SourceProxy	sourceproxy	proxy
SouthProxy	southproxy	proxy
SpaceProxy	spaceproxy	proxy
SpanProxy	spanproxy	proxy
SpareProxy	spareproxy	proxy
SparkProxy	sparkproxy	proxy
SpeakProxy	speakproxy	proxy
SpecialProxy	specialproxy	proxy
SpeedProxy	speedproxy	proxy
SpellProxy	spellproxy	proxy
SpendProxy	spendproxy	proxy
SphereProxy	sphereproxy	proxy
SpiceProxy	spiceproxy	proxy
SpiderProxy	spiderproxy	proxy
SpikeProxy	spikeproxy	proxy
SpinProxy	spinproxy	proxy
SpiritProxy	spiritproxy	proxy
SplashProxy	splashproxy	proxy
SplitProxy	splitproxy	proxy
SpotProxy	spotproxy	proxy
SprayProxy	sprayproxy	proxy
SpreadProxy	spreadproxy	proxy
SpringProxy	springproxy	proxy
SprintProxy	sprintproxy	proxy
SquareProxy	squareproxy	proxy
SquashProxy	squashproxy	proxy
StableProxy	stableproxy	proxy
StackProxy	stackproxy	proxy
StaffProxy	staffproxy	proxy
StageProxy	stageproxy	proxy
StairProxy	stairproxy	proxy
StakeProxy	stakeproxy	proxy
StampProxy	stampproxy	proxy
StandProxy	standproxy	proxy
StarProxy	starproxy	proxy
StartProxy	startproxy	proxy
StateProxy	stateproxy	proxy
StationProxy	stationproxy	proxy
StatusProxy	statusproxy	proxy
StayProxy	stayproxy	proxy
SteadyProxy	steadyproxy	proxy
SteamProxy	steamproxy	proxy
SteelProxy	steelproxy	proxy
SteepProxy	steepproxy	proxy
SteerProxy	steerproxy	proxy
StemProxy	stemproxy	proxy
StepProxy	stepproxy	proxy
StickProxy	stickproxy	proxy
StiffProxy	stiffproxy	proxy
StillProxy	stillproxy	proxy
StingProxy	stingproxy	proxy
StitchProxy	stitchproxy	proxy
StockProxy	stockproxy	proxy
StompProxy	stompproxy	proxy
StoneProxy	stoneproxy	proxy
StopProxy	stopproxy	proxy
StoreProxy	storeproxy	proxy
StormProxy	stormproxy	proxy
StoryProxy	storyproxy	proxy
StoveProxy	stoveproxy	proxy
StraightProxy	straightproxy	proxy
StrangeProxy	strangeproxy	proxy
StreamProxy	streamproxy	proxy
StreetProxy	streetproxy	proxy
StressProxy	stressproxy	proxy
StrictProxy	strictproxy	proxy
StrideProxy	strideproxy	proxy
StrikeProxy	strikeproxy	proxy
StringProxy	stringproxy	proxy
StripProxy	stripproxy	proxy
StrokeProxy	strokeproxy	proxy
StrongProxy	strongproxy	proxy
StructProxy	structproxy	proxy
StudioProxy	studioproxy	proxy
StudyProxy	studyproxy	proxy
StuffProxy	stuffproxy	proxy
StyleProxy	styleproxy	proxy
SubjectProxy	subjectproxy	proxy
SuccessProxy	successproxy	proxy
SugarProxy	sugarproxy	proxy
SuitProxy	suitproxy	proxy
SummerProxy	summerproxy	proxy
SummitProxy	summitproxy	proxy
SunProxy	sunproxy	proxy
SuperProxy	superproxy	proxy
SupplyProxy	supplyproxy	proxy
SupportProxy	supportproxy	proxy
SureProxy	sureproxy	proxy
SurfProxy	surfproxy	proxy
SurgeProxy	surgeproxy	proxy
SurveyProxy	surveyproxy	proxy
SwampProxy	swampproxy	proxy
SwapProxy	swapproxy	proxy
SwarmProxy	swarmproxy	proxy
SwayProxy	swayproxy	proxy
SweepProxy	sweepproxy	proxy
SweetProxy	sweetproxy	proxy
SwellProxy	swellproxy	proxy
SwiftProxy	swiftproxy	proxy
SwimProxy	swimproxy	proxy
SwingProxy	swingproxy	proxy
SwitchProxy	switchproxy	proxy
SwordProxy	swordproxy	proxy
SymbolProxy	symbolproxy	proxy
SyncProxy	syncproxy	proxy
SystemProxy	systemproxy	proxy
TableProxy	tableproxy	proxy
TabletProxy	tabletproxy	proxy
TackProxy	tackproxy	proxy
TagProxy	tagproxy	proxy
TailProxy	tailproxy	proxy
TakeProxy	takeproxy	proxy
TaleProxy	taleproxy	proxy
TalkProxy	talkproxy	proxy
TallProxy	tallproxy	proxy
TankProxy	tankproxy	proxy
TapeProxy	tapeproxy	proxy
TargetProxy	targetproxy	proxy
TaskProxy	taskproxy	proxy
TasteProxy	tasteproxy	proxy
TeamProxy	teamproxy	proxy
TearProxy	tearproxy	proxy
TechProxy	techproxy	proxy
TellProxy	tellproxy	proxy
TempProxy	tempproxy	proxy
TenProxy	tenproxy	proxy
TendProxy	tendproxy	proxy
TermProxy	termproxy	proxy
TestProxy	testproxy	proxy
TextProxy	textproxy	proxy
ThankProxy	thankproxy	proxy
ThemeProxy	themeproxy	proxy
ThickProxy	thickproxy	proxy
ThinProxy	thinproxy	proxy
ThingProxy	thingproxy	proxy
ThinkProxy	thinkproxy	proxy
ThirdProxy	thirdproxy	proxy
ThornProxy	thornproxy	proxy
ThoughtProxy	thoughtproxy	proxy
ThreadProxy	threadproxy	proxy
ThreeProxy	threeproxy	proxy
ThrillProxy	thrillproxy	proxy
ThriveProxy	thriveproxy	proxy
ThroatProxy	throatproxy	proxy
ThroneProxy	throneproxy	proxy
ThrowProxy	throwproxy	proxy
ThrustProxy	thrustproxy	proxy
ThumbProxy	thumbproxy	proxy
ThunderProxy	thunderproxy	proxy
TickProxy	tickproxy	proxy
TicketProxy	ticketproxy	proxy
TideProxy	tideproxy	proxy
TidyProxy	tidyproxy	proxy
TieProxy	tieproxy	proxy
TigerProxy	tigerproxy	proxy
TightProxy	tightproxy	proxy
TileProxy	tileproxy	proxy
TiltProxy	tiltproxy	proxy
TimberProxy	timberproxy	proxy
TimeProxy	timeproxy	proxy
TinyProxy	tinyproxy	proxy
TipProxy	tipproxy	proxy
TireProxy	tireproxy	proxy
TitleProxy	titleproxy	proxy
ToastProxy	toastproxy	proxy
TodayProxy	todayproxy	proxy
ToggleProxy	toggleproxy	proxy
TokenProxy	tokenproxy	proxy
TollProxy	tollproxy	proxy
ToneProxy	toneproxy	proxy
ToolProxy	toolproxy	proxy
ToothProxy	toothproxy	proxy
TopProxy	topproxy	proxy
TopicProxy	topicproxy	proxy
TorchProxy	torchproxy	proxy
TotalProxy	totalproxy	proxy
TouchProxy	touchproxy	proxy
ToughProxy	toughproxy	proxy
TourProxy	tourproxy	proxy
TowerProxy	towerproxy	proxy
TownProxy	townproxy	proxy
ToyProxy	toyproxy	proxy
TraceProxy	traceproxy	proxy
TrackProxy	trackproxy	proxy
TradeProxy	tradeproxy	proxy
TrafficProxy	trafficproxy	proxy
TrailProxy	trailproxy	proxy
TrainProxy	trainproxy	proxy
TransferProxy	transferproxy	proxy
TransitProxy	transitproxy	proxy
TrapProxy	trapproxy	proxy
TrashProxy	trashproxy	proxy
TravelProxy	travelproxy	proxy
TrayProxy	trayproxy	proxy
TreatProxy	treatproxy	proxy
TreeProxy	treeproxy	proxy
TrekProxy	trekproxy	proxy
TrendProxy	trendproxy	proxy
TrialProxy	trialproxy	proxy
TribeProxy	tribeproxy	proxy
TrickProxy	trickproxy	proxy
TriggerProxy	triggerproxy	proxy
TrimProxy	trimproxy	proxy
TripProxy	tripproxy	proxy
TripleProxy	tripleproxy	proxy
TrueProxy	trueproxy	proxy
TrumpProxy	trumpproxy	proxy
TrunkProxy	trunkproxy	proxy
TrustProxy	trustproxy	proxy
TruthProxy	truthproxy	proxy
TryProxy	tryproxy	proxy
TubeProxy	tubeproxy	proxy
TuneProxy	tuneproxy	proxy
TunnelProxy	tunnelproxy	proxy
TurboProxy	turboproxy	proxy
TurnProxy	turnproxy	proxy
TurtleProxy	turtleproxy	proxy
TwistProxy	twistproxy	proxy
TypeProxy	typeproxy	proxy
UltraProxy	ultraproxy	proxy
UmbrellaProxy	umbrellaproxy	proxy
UncleProxy	uncleproxy	proxy
UnderProxy	underproxy	proxy
UniqueProxy	uniqueproxy	proxy
UnitProxy	unitproxy	proxy
UniteProxy	uniteproxy	proxy
UnityProxy	unityproxy	proxy
UpperProxy	upperproxy	proxy
UrbanProxy	urbanproxy	proxy
UsageProxy	usageproxy	proxy
UseProxy	useproxy	proxy
UserProxy	userproxy	proxy
UtilityProxy	utilityproxy	proxy
ValidProxy	validproxy	proxy
ValleyProxy	valleyproxy	proxy
ValueProxy	valueproxy	proxy
ValveProxy	valveproxy	proxy
VanProxy	vanproxy	proxy
VaporProxy	vaporproxy	proxy
VastProxy	vastproxy	proxy
VaultProxy	vaultproxy	proxy
VectorProxy	vectorproxy	proxy
VegasProxy	vegasproxy	proxy
VelocityProxy	velocityproxy	proxy
VelvetProxy	velvetproxy	proxy
VendorProxy	vendorproxy	proxy
VentProxy	ventproxy	proxy
VenueProxy	venueproxy	proxy
VerbProxy	verbproxy	proxy
VerifyProxy	verifyproxy	proxy
VersionProxy	versionproxy	proxy
VertexProxy	vertexproxy	proxy
VerticalProxy	verticalproxy	proxy
VeryProxy	veryproxy	proxy
VestProxy	vestproxy	proxy
VideoProxy	videoproxy	proxy
ViewProxy	viewproxy	proxy
VillageProxy	villageproxy	proxy
VineProxy	vineproxy	proxy
VintageProxy	vintageproxy	proxy
VioletProxy	violetproxy	proxy
VirtualProxy	virtualproxy	proxy
VisionProxy	visionproxy	proxy
VisitProxy	visitproxy	proxy
VisualProxy	visualproxy	proxy
VitalProxy	vitalproxy	proxy
VividProxy	vividproxy	proxy
VoiceProxy	voiceproxy	proxy
VoidProxy	voidproxy	proxy
VoltProxy	voltproxy	proxy
VolumeProxy	volumeproxy	proxy
VortexProxy	vortexproxy	proxy
VoteProxy	voteproxy	proxy
VowProxy	vowproxy	proxy
VoyageProxy	voyageproxy	proxy
WadeProxy	wadeproxy	proxy
WageProxy	wageproxy	proxy
WagonProxy	wagonproxy	proxy
WaitProxy	waitproxy	proxy
WakeProxy	wakeproxy	proxy
WalkProxy	walkproxy	proxy
WallProxy	wallproxy	proxy
WandProxy	wandproxy	proxy
WantProxy	wantproxy	proxy
WardProxy	wardproxy	proxy
WarmProxy	warmproxy	proxy
WarnProxy	warnproxy	proxy
WarpProxy	warpproxy	proxy
WashProxy	washproxy	proxy
WasteProxy	wasteproxy	proxy
WatchProxy	watchproxy	proxy
WaterProxy	waterproxy	proxy
WaveProxy	waveproxy	proxy
WaxProxy	waxproxy	proxy
WayProxy	wayproxy	proxy
WeakProxy	weakproxy	proxy
WealthProxy	wealthproxy	proxy
WeaponProxy	weaponproxy	proxy
WearProxy	wearproxy	proxy
WeatherProxy	weatherproxy	proxy
WeaveProxy	weaveproxy	proxy
WedgeProxy	wedgeproxy	proxy
WeekProxy	weekproxy	proxy
WeightProxy	weightproxy	proxy
WelcomeProxy	welcomeproxy	proxy
WellProxy	wellproxy	proxy
WestProxy	westproxy	proxy
WetProxy	wetproxy	proxy
WhaleProxy	whaleproxy	proxy
WhatProxy	whatproxy	proxy
WheatProxy	wheatproxy	proxy
WheelProxy	wheelproxy	proxy
WhileProxy	whileproxy	proxy
WhipProxy	whipproxy	proxy
WhirlProxy	whirlproxy	proxy
WhiskProxy	whiskproxy	proxy
WhiteProxy	whiteproxy	proxy
WholeProxy	wholeproxy	proxy
WideProxy	wideproxy	proxy
WidthProxy	widthproxy	proxy
WildProxy	wildproxy	proxy
WillProxy	willproxy	proxy
WinProxy	winproxy	proxy
WindProxy	windproxy	proxy
WindowProxy	windowproxy	proxy
WineProxy	wineproxy	proxy
WingProxy	wingproxy	proxy
WinkProxy	winkproxy	proxy
WinterProxy	winterproxy	proxy
WipeProxy	wipeproxy	proxy
WireProxy	wireproxy	proxy
WiseProxy	wiseproxy	proxy
WishProxy	wishproxy	proxy
WitProxy	witproxy	proxy
WithProxy	withproxy	proxy
WizardProxy	wizardproxy	proxy
WolfProxy	wolfproxy	proxy
WomanProxy	womanproxy	proxy
WonderProxy	wonderproxy	proxy
WoodProxy	woodproxy	proxy
WoolProxy	woolproxy	proxy
WordProxy	wordproxy	proxy
WorkProxy	workproxy	proxy
WorldProxy	worldproxy	proxy
WormProxy	wormproxy	proxy
WorryProxy	worryproxy	proxy
WorseProxy	worseproxy	proxy
WorstProxy	worstproxy	proxy
WorthProxy	worthproxy	proxy
WouldProxy	wouldproxy	proxy
WoundProxy	woundproxy	proxy
WrapProxy	wrapproxy	proxy
WreckProxy	wreckproxy	proxy
WrestProxy	wrestproxy	proxy
WringProxy	wringproxy	proxy
WristProxy	wristproxy	proxy
WriteProxy	writeproxy	proxy
WrongProxy	wrongproxy	proxy
YachtProxy	yachtproxy	proxy
YardProxy	yardproxy	proxy
YarnProxy	yarnproxy	proxy
YawnProxy	yawnproxy	proxy
YearProxy	yearproxy	proxy
YellProxy	yellproxy	proxy
YellowProxy	yellowproxy	proxy
YesProxy	yesproxy	proxy
YieldProxy	yieldproxy	proxy
YoungProxy	youngproxy	proxy
YouthProxy	youthproxy	proxy
ZapProxy	zapproxy	proxy
ZealProxy	zealproxy	proxy
ZebraProxy	zebraproxy	proxy
ZenProxy	zenproxy	proxy
ZeroProxy	zeroproxy	proxy
ZestProxy	zestproxy	proxy
ZigProxy	zigproxy	proxy
ZincProxy	zincproxy	proxy
ZipProxy	zipproxy	proxy
ZoneProxy	zoneproxy	proxy
ZoomProxy	zoomproxy	proxy
